경기70아7361_0,경기77바1198_0,경기70아7482_0,경기77바1097_0,경기70아8789_0,경기70아8601_0,경기70아8880_0,경기78아1147_0,경기70아7361_100,경기77바1198_100,경기70아7482_94,경기77바1097_82,경기70아8789_84,경기70아8601_81,경기70아8880_78,경기78아1147_85,경기70아7361_191,경기77바1198_204,경기77바1097_169,경기70아6926_0,경기70아8789_169,경기70아8601_164,경기70아8880_165,경기78아1147_172,경기70아7361_285,경기77바1198_316,경기70아7482_181,경기77바1097_259,경기70아8789_277,경기70아8601_254,경기70아8880_256,경기78아1147_264,경기70아7361_383,경기77바1198_435,경기70아7482_275,경기77바1097_353,경기70아8789_378,경기70아8601_374,경기70아8880_354,경기78아1147_359,경기70아7361_475,경기77바1198_542,경기70아7482_370,경기77바1097_444,경기70아8789_469,경기70아8601_472,경기70아8880_450,경기78아1147_447
2020-12-26 05:0107,,2020-12-26 05:4052,2020-12-26 06:0144,2020-12-26 06:2036,2020-12-26 06:4228,2020-12-26 07:0119,2020-12-26 07:2110,2020-12-26 07:4100,,2020-12-26 08:2043,2020-12-26 08:4232,2020-12-26 09:0121,2020-12-26 09:2015,2020-12-26 09:4103,,2020-12-26 10:2047,2020-12-26 10:4138,2020-12-26 11:0128,2020-12-26 11:2616,2020-12-26 11:5108,2020-12-26 12:1554,2020-12-26 12:4043,,2020-12-26 13:3123,2020-12-26 13:5618,,2020-12-26 14:4601,2020-12-26 15:1054,,2020-12-26 16:0138,,2020-12-26 16:5121,2020-12-26 17:1613,2020-12-26 17:4107,2020-12-26 18:0555,2020-12-26 18:3049,2020-12-26 18:5640,2020-12-26 19:2031,2020-12-26 19:4523,2020-12-26 20:1115,2020-12-26 20:3605,,,2020-12-26 21:5134,2020-12-26 22:1622,,
2020-12-26 05:0206,2020-12-26 05:2159,2020-12-26 05:4152,,2020-12-26 06:2136,2020-12-26 06:4327,2020-12-26 07:0218,2020-12-26 07:2210,,2020-12-26 08:0151,2020-12-26 08:2143,2020-12-26 08:4332,2020-12-26 09:0220,2020-12-26 09:2213,2020-12-26 09:4203,2020-12-26 10:0154,,2020-12-26 10:4238,,2020-12-26 11:2815,2020-12-26 11:5207,2020-12-26 12:1654,2020-12-26 12:4143,2020-12-26 13:0634,2020-12-26 13:3222,2020-12-26 13:5817,2020-12-26 14:2207,2020-12-26 14:4701,2020-12-26 15:1153,2020-12-26 15:3645,,2020-12-26 16:2629,2020-12-26 16:5221,2020-12-26 17:1712,,2020-12-26 18:0655,2020-12-26 18:3148,2020-12-26 18:5739,2020-12-26 19:2131,2020-12-26 19:4623,,2020-12-26 20:3704,2020-12-26 21:0156,2020-12-26 21:2645,,2020-12-26 22:1721,2020-12-26 22:4109,2020-12-26 23:1154
2020-12-26 05:0306,2020-12-26 05:2258,2020-12-26 05:4251,2020-12-26 06:0244,2020-12-26 06:2236,2020-12-26 06:4527,2020-12-26 07:0317,2020-12-26 07:2310,2020-12-26 07:4259,2020-12-26 08:0251,2020-12-26 08:2243,2020-12-26 08:4530,2020-12-26 09:0320,,2020-12-26 09:4302,2020-12-26 10:0254,2020-12-26 10:2245,2020-12-26 10:4537,2020-12-26 11:0227,2020-12-26 11:3015,2020-12-26 11:5306,2020-12-26 12:1754,2020-12-26 12:4242,2020-12-26 13:0734,,2020-12-26 14:0016,2020-12-26 14:2307,2020-12-26 14:4801,2020-12-26 15:1253,2020-12-26 15:3745,2020-12-26 16:0238,2020-12-26 16:2728,,2020-12-26 17:1812,2020-12-26 17:4307,2020-12-26 18:0755,2020-12-26 18:3247,,2020-12-26 19:2231,,2020-12-26 20:1314,2020-12-26 20:3804,2020-12-26 21:0256,2020-12-26 21:2745,2020-12-26 21:5233,2020-12-26 22:1821,2020-12-26 22:4308,2020-12-26 23:1253
2020-12-26 05:0406,2020-12-26 05:2358,2020-12-26 05:4351,2020-12-26 06:0343,2020-12-26 06:2336,2020-12-26 06:4626,2020-12-26 07:0416,2020-12-26 07:2409,2020-12-26 07:4359,2020-12-26 08:0350,2020-12-26 08:2342,2020-12-26 08:4630,2020-12-26 09:0420,2020-12-26 09:2313,2020-12-26 09:4402,2020-12-26 10:0353,2020-12-26 10:2345,2020-12-26 10:4637,2020-12-26 11:0326,2020-12-26 11:3115,,2020-12-26 12:1854,2020-12-26 12:4342,2020-12-26 13:0833,2020-12-26 13:3322,2020-12-26 14:0116,2020-12-26 14:2406,2020-12-26 14:4901,2020-12-26 15:1352,2020-12-26 15:3845,2020-12-26 16:0338,2020-12-26 16:2828,2020-12-26 16:5321,2020-12-26 17:1912,2020-12-26 17:4407,2020-12-26 18:0854,2020-12-26 18:3347,2020-12-26 19:0038,2020-12-26 19:2330,2020-12-26 19:4822,2020-12-26 20:1414,2020-12-26 20:3904,2020-12-26 21:0356,2020-12-26 21:2845,2020-12-26 21:5333,2020-12-26 22:1921,2020-12-26 22:4408,2020-12-26 23:1353
2020-12-26 05:0506,2020-12-26 05:2457,2020-12-26 05:4451,2020-12-26 06:0443,2020-12-26 06:2435,2020-12-26 06:4725,2020-12-26 07:0516,,2020-12-26 07:4459,2020-12-26 08:0449,2020-12-26 08:2442,2020-12-26 08:4731,,,2020-12-26 09:4502,2020-12-26 10:0453,2020-12-26 10:2444,2020-12-26 10:4736,2020-12-26 11:0425,2020-12-26 11:3214,2020-12-26 11:5405,2020-12-26 12:1954,2020-12-26 12:4441,2020-12-26 13:0932,2020-12-26 13:3422,2020-12-26 14:0216,2020-12-26 14:2506,2020-12-26 14:5001,2020-12-26 15:1452,2020-12-26 15:3944,2020-12-26 16:0438,2020-12-26 16:2927,2020-12-26 16:5520,2020-12-26 17:2012,2020-12-26 17:4506,2020-12-26 18:0954,2020-12-26 18:3447,2020-12-26 19:0138,2020-12-26 19:2430,2020-12-26 19:4922,2020-12-26 20:1514,2020-12-26 20:4003,2020-12-26 21:0455,2020-12-26 21:2944,2020-12-26 21:5433,2020-12-26 22:2020,,2020-12-26 23:1452
2020-12-26 05:0605,2020-12-26 05:2557,2020-12-26 05:4550,2020-12-26 06:0642,2020-12-26 06:2534,2020-12-26 06:4825,2020-12-26 07:0715,2020-12-26 07:2509,2020-12-26 07:4558,2020-12-26 08:0549,2020-12-26 08:2541,2020-12-26 08:4828,2020-12-26 09:0520,2020-12-26 09:2512,2020-12-26 09:4700,2020-12-26 10:0653,,2020-12-26 10:4934,2020-12-26 11:0724,2020-12-26 11:3513,2020-12-26 11:5505,2020-12-26 12:2054,2020-12-26 12:4541,2020-12-26 13:1032,2020-12-26 13:3722,2020-12-26 14:0316,2020-12-26 14:2706,2020-12-26 14:5100,2020-12-26 15:1751,2020-12-26 15:4242,2020-12-26 16:0736,2020-12-26 16:3026,2020-12-26 16:5719,2020-12-26 17:2211,,2020-12-26 18:1054,,2020-12-26 19:0237,2020-12-26 19:2530,2020-12-26 19:5221,2020-12-26 20:1614,2020-12-26 20:4203,2020-12-26 21:0555,2020-12-26 21:3044,2020-12-26 21:5532,2020-12-26 22:2219,2020-12-26 22:4507,2020-12-26 23:1651
,2020-12-26 05:2756,2020-12-26 05:4750,2020-12-26 06:0741,2020-12-26 06:2734,2020-12-26 06:5024,2020-12-26 07:0815,,2020-12-26 07:4758,,2020-12-26 08:2741,2020-12-26 08:5028,,,2020-12-26 09:4800,2020-12-26 10:0753,2020-12-26 10:2743,2020-12-26 10:5034,2020-12-26 11:0824,2020-12-26 11:3613,,2020-12-26 12:2253,2020-12-26 12:4741,2020-12-26 13:1230,2020-12-26 13:3822,2020-12-26 14:0515,2020-12-26 14:3005,2020-12-26 14:5300,2020-12-26 15:2050,2020-12-26 15:4342,2020-12-26 16:1035,2020-12-26 16:3225,2020-12-26 16:5819,,2020-12-26 17:4805,2020-12-26 18:1253,2020-12-26 18:3746,,2020-12-26 19:2729,,,2020-12-26 20:4501,2020-12-26 21:0754,2020-12-26 21:3243,2020-12-26 21:5731,2020-12-26 22:2517,,2020-12-26 23:1751
2020-12-26 05:0805,,,2020-12-26 06:0840,2020-12-26 06:2834,,,2020-12-26 07:2807,,2020-12-26 08:0749,2020-12-26 08:2840,,2020-12-26 09:0819,2020-12-26 09:2811,,2020-12-26 10:0852,2020-12-26 10:3042,2020-12-26 10:5332,2020-12-26 11:1023,2020-12-26 11:3813,2020-12-26 11:5803,,2020-12-26 12:4840,2020-12-26 13:1329,2020-12-26 13:4021,,2020-12-26 14:3105,,,2020-12-26 15:4542,,2020-12-26 16:3325,2020-12-26 17:0017,2020-12-26 17:2311,2020-12-26 17:5104,,,2020-12-26 19:0535,2020-12-26 19:2829,2020-12-26 19:5321,2020-12-26 20:1813,,2020-12-26 21:0854,,2020-12-26 21:5831,,2020-12-26 22:4806,2020-12-26 23:1850
2020-12-26 05:0904,,2020-12-26 05:4850,2020-12-26 06:0940,2020-12-26 06:2933,2020-12-26 06:5124,2020-12-26 07:1114,2020-12-26 07:2906,2020-12-26 07:5056,,2020-12-26 08:2940,2020-12-26 08:5127,2020-12-26 09:0918,2020-12-26 09:2910,2020-12-26 09:5059,2020-12-26 10:0951,,,2020-12-26 11:1123,2020-12-26 11:3913,2020-12-26 11:5902,2020-12-26 12:2352,2020-12-26 12:4940,2020-12-26 13:1429,2020-12-26 13:4121,2020-12-26 14:0615,2020-12-26 14:3205,,2020-12-26 15:2150,2020-12-26 15:4641,2020-12-26 16:1334,2020-12-26 16:3425,,2020-12-26 17:2511,2020-12-26 17:5203,2020-12-26 18:1353,2020-12-26 18:3845,2020-12-26 19:0635,2020-12-26 19:2928,,,2020-12-26 20:4601,2020-12-26 21:0954,2020-12-26 21:3541,,2020-12-26 22:2617,,2020-12-26 23:1950
2020-12-26 05:1103,2020-12-26 05:2856,2020-12-26 05:5049,2020-12-26 06:1139,2020-12-26 06:3133,2020-12-26 06:5323,2020-12-26 07:1214,2020-12-26 07:3105,2020-12-26 07:5156,2020-12-26 08:0849,2020-12-26 08:3039,2020-12-26 08:5326,2020-12-26 09:1118,2020-12-26 09:3110,2020-12-26 09:5158,2020-12-26 10:1051,2020-12-26 10:3142,2020-12-26 10:5432,2020-12-26 11:1322,2020-12-26 11:4112,2020-12-26 12:0102,2020-12-26 12:2552,2020-12-26 12:5138,2020-12-26 13:1628,2020-12-26 13:4221,2020-12-26 14:0814,2020-12-26 14:3305,2020-12-26 14:5559,2020-12-26 15:2349,2020-12-26 15:4841,2020-12-26 16:1534,2020-12-26 16:3625,2020-12-26 17:0117,2020-12-26 17:2610,2020-12-26 17:5303,2020-12-26 18:1552,2020-12-26 18:4045,2020-12-26 19:0835,2020-12-26 19:3128,2020-12-26 19:5421,2020-12-26 20:1912,2020-12-26 20:4700,2020-12-26 21:1053,2020-12-26 21:3641,2020-12-26 21:5930,2020-12-26 22:2815,2020-12-26 22:4905,2020-12-26 23:2049
2020-12-26 05:1401,2020-12-26 05:3154,2020-12-26 05:5347,2020-12-26 06:1338,2020-12-26 06:3431,2020-12-26 06:5821,2020-12-26 07:1712,2020-12-26 07:3504,2020-12-26 07:5553,2020-12-26 08:1347,2020-12-26 08:3437,2020-12-26 08:5823,2020-12-26 09:1317,2020-12-26 09:3408,2020-12-26 09:5556,2020-12-26 10:1350,2020-12-26 10:3441,2020-12-26 10:5830,2020-12-26 11:1720,2020-12-26 11:4411,2020-12-26 12:0500,2020-12-26 12:2850,2020-12-26 12:5537,2020-12-26 13:1926,2020-12-26 13:4620,2020-12-26 14:1410,2020-12-26 14:3803,2020-12-26 15:0156,2020-12-26 15:2848,2020-12-26 15:5240,2020-12-26 16:1933,2020-12-26 16:4024,2020-12-26 17:0416,2020-12-26 17:3209,2020-12-26 17:5859,2020-12-26 18:1951,2020-12-26 18:4344,2020-12-26 19:1334,2020-12-26 19:3426,2020-12-26 19:5820,2020-12-26 20:2211,2020-12-26 20:4959,2020-12-26 21:1351,2020-12-26 21:4039,2020-12-26 22:0428,2020-12-26 22:3113,2020-12-26 22:5303,2020-12-26 23:2546
2020-12-26 05:1600,2020-12-26 05:3454,2020-12-26 05:5547,2020-12-26 06:1537,2020-12-26 06:3630,2020-12-26 07:0119,2020-12-26 07:1910,2020-12-26 07:3703,2020-12-26 07:5753,2020-12-26 08:1546,2020-12-26 08:3635,2020-12-26 09:0121,2020-12-26 09:1516,2020-12-26 09:3706,2020-12-26 09:5755,2020-12-26 10:1548,2020-12-26 10:3641,2020-12-26 11:0128,2020-12-26 11:1919,2020-12-26 11:4610,2020-12-26 12:0659,2020-12-26 12:3048,2020-12-26 12:5737,2020-12-26 13:2125,2020-12-26 13:4819,2020-12-26 14:1610,2020-12-26 14:4003,2020-12-26 15:0356,2020-12-26 15:3048,2020-12-26 15:5540,2020-12-26 16:2131,2020-12-26 16:4223,2020-12-26 17:0716,2020-12-26 17:3508,2020-12-26 18:0058,2020-12-26 18:2151,2020-12-26 18:4543,2020-12-26 19:1633,2020-12-26 19:3725,2020-12-26 20:0019,2020-12-26 20:2510,2020-12-26 20:5158,2020-12-26 21:1551,2020-12-26 21:4338,2020-12-26 22:0727,2020-12-26 22:3412,2020-12-26 22:5502,2020-12-26 23:2744
2020-12-26 05:1800,2020-12-26 05:3653,2020-12-26 05:5746,2020-12-26 06:1737,2020-12-26 06:3829,2020-12-26 07:0218,2020-12-26 07:2010,2020-12-26 07:3902,2020-12-26 07:5952,2020-12-26 08:1845,2020-12-26 08:3833,2020-12-26 09:0220,2020-12-26 09:1715,2020-12-26 09:3806,2020-12-26 09:5955,2020-12-26 10:1748,2020-12-26 10:3841,2020-12-26 11:0326,2020-12-26 11:2118,2020-12-26 11:4809,2020-12-26 12:0758,2020-12-26 12:3247,2020-12-26 12:5935,2020-12-26 13:2325,2020-12-26 13:5019,2020-12-26 14:1808,2020-12-26 14:4203,2020-12-26 15:0555,2020-12-26 15:3247,2020-12-26 15:5639,2020-12-26 16:2330,2020-12-26 16:4423,2020-12-26 17:0815,2020-12-26 17:3608,2020-12-26 18:0256,2020-12-26 18:2350,2020-12-26 18:4743,2020-12-26 19:1733,2020-12-26 19:3825,2020-12-26 20:0218,2020-12-26 20:2709,2020-12-26 20:5358,2020-12-26 21:1750,2020-12-26 21:4536,2020-12-26 22:0925,2020-12-26 22:3610,2020-12-26 22:5701,2020-12-26 23:2943
2020-12-26 05:1859,2020-12-26 05:3753,2020-12-26 05:5845,2020-12-26 06:1837,2020-12-26 06:3929,2020-12-26 07:0416,2020-12-26 07:2210,2020-12-26 07:4001,2020-12-26 08:0051,2020-12-26 08:1944,2020-12-26 08:3933,2020-12-26 09:0320,2020-12-26 09:1915,2020-12-26 09:4004,2020-12-26 10:0054,2020-12-26 10:1848,2020-12-26 10:3940,2020-12-26 11:0425,2020-12-26 11:2217,2020-12-26 11:4908,2020-12-26 12:0957,2020-12-26 12:3346,2020-12-26 13:0035,2020-12-26 13:2424,2020-12-26 13:5119,2020-12-26 14:1908,2020-12-26 14:4303,2020-12-26 15:0655,2020-12-26 15:3446,2020-12-26 15:5839,2020-12-26 16:2430,2020-12-26 16:4522,2020-12-26 17:1015,2020-12-26 17:3808,2020-12-26 18:0356,2020-12-26 18:2550,2020-12-26 18:4843,2020-12-26 19:1932,2020-12-26 19:4024,2020-12-26 20:0318,2020-12-26 20:2809,2020-12-26 20:5458,2020-12-26 21:1949,2020-12-26 21:4636,2020-12-26 22:1025,2020-12-26 22:3709,2020-12-26 22:5800,2020-12-26 23:3043
2020-12-26 05:1959,2020-12-26 05:3952,2020-12-26 06:0045,2020-12-26 06:2036,2020-12-26 06:4128,2020-12-26 07:0516,2020-12-26 07:2310,2020-12-26 07:4200,2020-12-26 08:0151,2020-12-26 08:2043,2020-12-26 08:4132,2020-12-26 09:0520,2020-12-26 09:2015,2020-12-26 09:4103,2020-12-26 10:0154,2020-12-26 10:1947,2020-12-26 10:4138,2020-12-26 11:0625,2020-12-26 11:2317,2020-12-26 11:5108,2020-12-26 12:1057,2020-12-26 12:3546,2020-12-26 13:0235,2020-12-26 13:2623,2020-12-26 13:5319,2020-12-26 14:2107,2020-12-26 14:4501,2020-12-26 15:0754,2020-12-26 15:3546,2020-12-26 15:5939,2020-12-26 16:2629,2020-12-26 16:4722,2020-12-26 17:1114,2020-12-26 17:3908,2020-12-26 18:0555,2020-12-26 18:2649,2020-12-26 18:5042,2020-12-26 19:2031,2020-12-26 19:4124,2020-12-26 20:0518,2020-12-26 20:2908,2020-12-26 20:5657,2020-12-26 21:2048,2020-12-26 21:4736,2020-12-26 22:1124,2020-12-26 22:3809,2020-12-26 23:0000,2020-12-26 23:3142
2020-12-26 05:2159,2020-12-26 05:4152,2020-12-26 06:0144,2020-12-26 06:2136,2020-12-26 06:4327,2020-12-26 07:0715,2020-12-26 07:2509,2020-12-26 07:4359,2020-12-26 08:0350,2020-12-26 08:2243,2020-12-26 08:4332,2020-12-26 09:0719,2020-12-26 09:2213,2020-12-26 09:4302,2020-12-26 10:0353,2020-12-26 10:2146,2020-12-26 10:4338,2020-12-26 11:0824,2020-12-26 11:2515,2020-12-26 11:5306,2020-12-26 12:1255,2020-12-26 12:3745,2020-12-26 13:0335,2020-12-26 13:2823,2020-12-26 13:5519,2020-12-26 14:2307,2020-12-26 14:4701,2020-12-26 15:0954,2020-12-26 15:3745,2020-12-26 16:0138,2020-12-26 16:2828,2020-12-26 16:4921,2020-12-26 17:1314,2020-12-26 17:4107,2020-12-26 18:0755,2020-12-26 18:2849,2020-12-26 18:5241,2020-12-26 19:2231,2020-12-26 19:4324,2020-12-26 20:0618,2020-12-26 20:3107,2020-12-26 20:5757,2020-12-26 21:2247,2020-12-26 21:4935,2020-12-26 22:1323,2020-12-26 22:4009,2020-12-26 23:0158,2020-12-26 23:3341
2020-12-26 05:2358,2020-12-26 05:4251,2020-12-26 06:0343,2020-12-26 06:2336,2020-12-26 06:4427,2020-12-26 07:0815,2020-12-26 07:2608,2020-12-26 07:4459,2020-12-26 08:0549,2020-12-26 08:2442,2020-12-26 08:4431,2020-12-26 09:0819,2020-12-26 09:2313,2020-12-26 09:4402,2020-12-26 10:0553,2020-12-26 10:2345,2020-12-26 10:4437,2020-12-26 11:1023,2020-12-26 11:2715,2020-12-26 11:5405,2020-12-26 12:1455,2020-12-26 12:3845,2020-12-26 13:0534,2020-12-26 13:3023,2020-12-26 13:5618,2020-12-26 14:2506,2020-12-26 14:4901,2020-12-26 15:1153,2020-12-26 15:3944,2020-12-26 16:0338,2020-12-26 16:2927,2020-12-26 16:5121,2020-12-26 17:1513,2020-12-26 17:4307,2020-12-26 18:1054,2020-12-26 18:3049,2020-12-26 18:5341,2020-12-26 19:2430,2020-12-26 19:4523,2020-12-26 20:0817,2020-12-26 20:3306,2020-12-26 20:5957,2020-12-26 21:2346,2020-12-26 21:5134,2020-12-26 22:1522,2020-12-26 22:4208,2020-12-26 23:0258,2020-12-26 23:3539
2020-12-26 05:2457,2020-12-26 05:4451,2020-12-26 06:0542,2020-12-26 06:2534,2020-12-26 06:4626,2020-12-26 07:1014,2020-12-26 07:2807,2020-12-26 07:4658,2020-12-26 08:0649,2020-12-26 08:2641,2020-12-26 08:4630,2020-12-26 09:1018,2020-12-26 09:2512,2020-12-26 09:4601,2020-12-26 10:0753,2020-12-26 10:2544,2020-12-26 10:4637,2020-12-26 11:1123,2020-12-26 11:2815,2020-12-26 11:5605,2020-12-26 12:1654,2020-12-26 12:4043,2020-12-26 13:0734,2020-12-26 13:3123,2020-12-26 13:5817,2020-12-26 14:2706,2020-12-26 14:5001,2020-12-26 15:1352,2020-12-26 15:4043,2020-12-26 16:0537,2020-12-26 16:3225,2020-12-26 16:5321,2020-12-26 17:1712,2020-12-26 17:4506,2020-12-26 18:1154,2020-12-26 18:3247,2020-12-26 18:5540,2020-12-26 19:2630,2020-12-26 19:4722,2020-12-26 20:1016,2020-12-26 20:3505,2020-12-26 21:0156,2020-12-26 21:2545,2020-12-26 21:5333,2020-12-26 22:1721,2020-12-26 22:4408,2020-12-26 23:0457,2020-12-26 23:3738
2020-12-26 05:2656,2020-12-26 05:4650,2020-12-26 06:0840,2020-12-26 06:2734,2020-12-26 06:4924,2020-12-26 07:1214,,2020-12-26 07:4957,2020-12-26 08:1048,2020-12-26 08:2840,2020-12-26 08:4928,2020-12-26 09:1417,2020-12-26 09:2811,2020-12-26 09:4900,2020-12-26 10:1051,2020-12-26 10:2743,2020-12-26 10:4835,2020-12-26 11:1322,2020-12-26 11:3115,2020-12-26 11:5902,2020-12-26 12:1954,2020-12-26 12:4441,2020-12-26 13:0932,2020-12-26 13:3422,2020-12-26 14:0116,2020-12-26 14:2906,2020-12-26 14:5359,2020-12-26 15:1552,2020-12-26 15:4342,2020-12-26 16:0736,2020-12-26 16:3625,2020-12-26 16:5620,2020-12-26 17:2111,2020-12-26 17:4905,2020-12-26 18:1353,2020-12-26 18:3447,2020-12-26 18:5839,2020-12-26 19:3028,2020-12-26 19:5121,2020-12-26 20:1215,2020-12-26 20:3704,2020-12-26 21:0455,2020-12-26 21:2944,2020-12-26 21:5731,2020-12-26 22:1921,2020-12-26 22:4706,2020-12-26 23:0657,2020-12-26 23:4036
2020-12-26 05:2756,2020-12-26 05:4750,2020-12-26 06:0940,2020-12-26 06:2933,2020-12-26 06:5024,2020-12-26 07:1313,2020-12-26 07:3005,2020-12-26 07:5156,2020-12-26 08:1247,2020-12-26 08:3039,2020-12-26 08:5127,2020-12-26 09:1516,2020-12-26 09:2910,2020-12-26 09:5059,2020-12-26 10:1150,2020-12-26 10:2943,2020-12-26 10:5034,2020-12-26 11:1520,2020-12-26 11:3214,2020-12-26 12:0102,2020-12-26 12:2054,2020-12-26 12:4541,2020-12-26 13:1032,2020-12-26 13:3522,2020-12-26 14:0216,2020-12-26 14:3105,2020-12-26 14:5459,2020-12-26 15:1651,2020-12-26 15:4442,2020-12-26 16:0935,2020-12-26 16:3724,2020-12-26 16:5719,2020-12-26 17:2211,2020-12-26 17:5004,2020-12-26 18:1453,2020-12-26 18:3546,2020-12-26 18:5939,2020-12-26 19:3128,2020-12-26 19:5221,2020-12-26 20:1314,2020-12-26 20:3804,2020-12-26 21:0555,2020-12-26 21:3044,2020-12-26 21:5831,2020-12-26 22:2020,2020-12-26 22:4806,2020-12-26 23:0756,2020-12-26 23:4235
2020-12-26 05:2955,2020-12-26 05:4949,2020-12-26 06:1139,2020-12-26 06:3033,2020-12-26 06:5223,2020-12-26 07:1612,2020-12-26 07:3205,2020-12-26 07:5255,2020-12-26 08:1347,2020-12-26 08:3238,2020-12-26 08:5226,2020-12-26 09:1715,2020-12-26 09:3110,2020-12-26 09:5257,2020-12-26 10:1250,2020-12-26 10:3142,2020-12-26 10:5133,2020-12-26 11:1620,2020-12-26 11:3414,2020-12-26 12:0401,2020-12-26 12:2253,2020-12-26 12:4641,2020-12-26 13:1230,2020-12-26 13:3722,2020-12-26 14:0416,2020-12-26 14:3305,2020-12-26 14:5658,2020-12-26 15:1851,2020-12-26 15:4641,2020-12-26 16:1135,2020-12-26 16:3824,2020-12-26 16:5918,2020-12-26 17:2411,2020-12-26 17:5203,2020-12-26 18:1652,2020-12-26 18:3746,2020-12-26 19:0138,2020-12-26 19:3328,2020-12-26 19:5421,2020-12-26 20:1514,2020-12-26 20:4003,2020-12-26 21:0754,2020-12-26 21:3243,2020-12-26 21:5930,2020-12-26 22:2219,2020-12-26 22:5005,2020-12-26 23:1055,2020-12-26 23:4434
2020-12-26 05:3154,2020-12-26 05:5347,2020-12-26 06:1338,2020-12-26 06:3232,2020-12-26 06:5422,2020-12-26 07:1712,2020-12-26 07:3305,2020-12-26 07:5454,2020-12-26 08:1546,2020-12-26 08:3437,2020-12-26 08:5425,2020-12-26 09:1915,2020-12-26 09:3309,,2020-12-26 10:1548,2020-12-26 10:3441,2020-12-26 10:5332,,2020-12-26 11:3813,2020-12-26 12:0559,2020-12-26 12:2453,2020-12-26 12:4840,2020-12-26 13:1528,2020-12-26 13:4021,2020-12-26 14:0615,2020-12-26 14:3604,2020-12-26 14:5957,2020-12-26 15:2050,2020-12-26 15:4741,2020-12-26 16:1733,2020-12-26 16:4123,2020-12-26 17:0117,2020-12-26 17:2610,2020-12-26 17:5502,2020-12-26 18:1951,2020-12-26 18:3945,2020-12-26 19:0337,2020-12-26 19:3526,2020-12-26 19:5620,2020-12-26 20:1713,2020-12-26 20:4303,2020-12-26 21:0954,2020-12-26 21:3442,,,2020-12-26 22:5303,2020-12-26 23:1154,2020-12-26 23:4533
2020-12-26 05:3354,2020-12-26 05:5447,2020-12-26 06:1537,2020-12-26 06:3331,2020-12-26 06:5522,2020-12-26 07:2010,2020-12-26 07:3405,2020-12-26 07:5653,2020-12-26 08:1646,2020-12-26 08:3635,2020-12-26 08:5525,2020-12-26 09:2015,2020-12-26 09:3607,2020-12-26 09:5456,2020-12-26 10:1648,2020-12-26 10:3541,2020-12-26 10:5531,2020-12-26 11:2019,2020-12-26 11:3913,2020-12-26 12:0858,2020-12-26 12:2651,2020-12-26 12:5039,2020-12-26 13:1628,2020-12-26 13:4221,2020-12-26 14:0814,2020-12-26 14:3803,2020-12-26 15:0256,2020-12-26 15:2349,2020-12-26 15:5041,2020-12-26 16:2031,2020-12-26 16:4323,2020-12-26 17:0317,2020-12-26 17:2909,2020-12-26 17:5601,2020-12-26 18:2051,2020-12-26 18:4144,2020-12-26 19:0535,2020-12-26 19:3725,2020-12-26 19:5820,2020-12-26 20:2012,2020-12-26 20:4501,2020-12-26 21:1252,2020-12-26 21:3541,2020-12-26 22:0229,2020-12-26 22:2517,2020-12-26 22:5502,2020-12-26 23:1253,2020-12-26 23:4732
2020-12-26 05:3554,2020-12-26 05:5646,2020-12-26 06:1737,2020-12-26 06:3729,2020-12-26 06:5721,2020-12-26 07:2210,2020-12-26 07:3603,2020-12-26 07:5952,2020-12-26 08:2043,2020-12-26 08:3933,2020-12-26 08:5823,2020-12-26 09:2512,2020-12-26 09:3806,2020-12-26 09:5855,2020-12-26 10:1848,2020-12-26 10:3940,2020-12-26 10:5830,2020-12-26 11:2515,2020-12-26 11:4112,2020-12-26 12:1057,2020-12-26 12:2850,2020-12-26 12:5238,2020-12-26 13:2026,2020-12-26 13:4420,2020-12-26 14:1112,2020-12-26 14:4103,2020-12-26 15:0455,2020-12-26 15:2548,2020-12-26 15:5240,2020-12-26 16:2231,2020-12-26 16:4622,2020-12-26 17:0716,2020-12-26 17:3109,2020-12-26 18:0058,2020-12-26 18:2151,2020-12-26 18:4344,2020-12-26 19:0735,2020-12-26 19:3924,2020-12-26 20:0119,2020-12-26 20:2211,2020-12-26 20:4800,2020-12-26 21:1451,2020-12-26 21:3940,2020-12-26 22:0528,2020-12-26 22:2716,2020-12-26 22:5800,2020-12-26 23:1651,2020-12-26 23:5031
2020-12-26 05:3952,2020-12-26 06:0045,2020-12-26 06:2136,2020-12-26 06:3829,2020-12-26 07:0119,2020-12-26 07:2409,2020-12-26 07:3902,2020-12-26 08:0449,2020-12-26 08:2541,2020-12-26 08:4332,2020-12-26 09:0320,2020-12-26 09:2612,2020-12-26 09:4302,2020-12-26 10:0054,2020-12-26 10:2245,2020-12-26 10:4338,2020-12-26 11:0326,2020-12-26 11:3015,2020-12-26 11:4610,2020-12-26 12:1554,2020-12-26 12:3148,2020-12-26 12:5836,2020-12-26 13:2424,2020-12-26 13:4819,2020-12-26 14:1610,2020-12-26 14:4601,2020-12-26 15:0954,2020-12-26 15:2948,2020-12-26 16:0138,2020-12-26 16:2629,2020-12-26 16:4921,2020-12-26 17:1214,2020-12-26 17:3508,2020-12-26 18:0555,2020-12-26 18:2550,2020-12-26 18:4743,2020-12-26 19:1134,2020-12-26 19:4523,2020-12-26 20:0518,2020-12-26 20:2510,2020-12-26 20:5059,2020-12-26 21:1849,2020-12-26 21:4338,2020-12-26 22:0826,2020-12-26 22:3113,2020-12-26 23:0059,2020-12-26 23:2049,2020-12-26 23:5430
2020-12-26 05:4251,2020-12-26 06:0443,2020-12-26 06:2634,2020-12-26 06:4128,2020-12-26 07:0416,2020-12-26 07:2608,2020-12-26 07:4200,2020-12-26 08:0749,2020-12-26 08:2940,2020-12-26 08:4928,2020-12-26 09:0520,2020-12-26 09:3010,2020-12-26 09:4900,2020-12-26 10:0453,2020-12-26 10:2743,2020-12-26 10:4537,2020-12-26 11:0724,2020-12-26 11:3414,2020-12-26 11:4908,2020-12-26 12:1854,2020-12-26 12:3646,2020-12-26 13:0335,2020-12-26 13:2823,2020-12-26 13:5519,2020-12-26 14:1908,2020-12-26 14:5200,2020-12-26 15:1253,2020-12-26 15:3446,2020-12-26 16:0637,2020-12-26 16:3225,2020-12-26 16:5520,2020-12-26 17:1812,2020-12-26 17:4107,2020-12-26 18:1154,2020-12-26 18:2949,2020-12-26 18:5341,2020-12-26 19:1533,2020-12-26 19:4722,2020-12-26 20:1215,2020-12-26 20:2908,2020-12-26 20:5358,2020-12-26 21:2148,2020-12-26 21:4736,2020-12-26 22:1224,2020-12-26 22:3511,2020-12-26 23:0258,2020-12-26 23:2645,2020-12-26 23:5927
,2020-12-26 06:0741,,2020-12-26 06:4427,,,,2020-12-26 08:0948,2020-12-26 08:3238,2020-12-26 08:5127,,2020-12-26 09:3210,2020-12-26 09:5059,,,,,2020-12-26 11:3713,2020-12-26 11:5207,,,,,,,,,,,,,,,,,2020-12-26 18:5540,2020-12-26 19:2031,,,,,,,,,2020-12-26 23:0457,,
2020-12-26 05:4550,2020-12-26 06:0840,2020-12-26 06:3033,2020-12-26 06:4527,2020-12-26 07:0715,2020-12-26 07:2906,2020-12-26 07:4459,2020-12-26 08:1048,2020-12-26 08:3337,2020-12-26 08:5226,2020-12-26 09:0719,2020-12-26 09:3309,2020-12-26 09:5158,2020-12-26 10:0753,2020-12-26 10:3142,2020-12-26 10:4934,2020-12-26 11:1023,2020-12-26 11:3813,2020-12-26 11:5306,2020-12-26 12:2253,2020-12-26 12:4043,2020-12-26 13:0833,2020-12-26 13:3023,2020-12-26 13:5917,2020-12-26 14:2406,2020-12-26 14:5559,2020-12-26 15:1452,2020-12-26 15:3645,2020-12-26 16:1135,2020-12-26 16:3724,2020-12-26 16:5918,2020-12-26 17:2111,2020-12-26 17:4307,2020-12-26 18:1453,2020-12-26 18:3347,2020-12-26 18:5640,2020-12-26 19:2131,2020-12-26 19:4922,2020-12-26 20:1514,2020-12-26 20:3406,2020-12-26 20:5857,2020-12-26 21:2545,2020-12-26 21:4935,2020-12-26 22:1721,2020-12-26 22:3709,2020-12-26 23:0557,2020-12-26 23:3043,2020-12-27 00:0226
2020-12-26 05:4650,2020-12-26 06:0940,2020-12-26 06:3232,2020-12-26 06:4626,2020-12-26 07:0914,2020-12-26 07:3005,2020-12-26 07:4658,2020-12-26 08:1147,2020-12-26 08:3437,2020-12-26 08:5326,2020-12-26 09:0918,2020-12-26 09:3408,2020-12-26 09:5257,2020-12-26 10:0951,2020-12-26 10:3241,2020-12-26 10:5034,2020-12-26 11:1222,2020-12-26 11:3913,2020-12-26 11:5405,2020-12-26 12:2453,2020-12-26 12:4342,2020-12-26 13:1032,2020-12-26 13:3222,2020-12-26 14:0116,2020-12-26 14:2606,2020-12-26 14:5758,2020-12-26 15:1651,2020-12-26 15:3845,2020-12-26 16:1334,2020-12-26 16:3924,2020-12-26 17:0017,2020-12-26 17:2311,2020-12-26 17:4506,2020-12-26 18:1552,2020-12-26 18:3447,2020-12-26 18:5739,2020-12-26 19:2330,2020-12-26 19:5121,2020-12-26 20:1713,2020-12-26 20:3605,2020-12-26 20:5957,2020-12-26 21:2745,2020-12-26 21:5034,2020-12-26 22:1821,2020-12-26 22:3809,2020-12-26 23:0756,2020-12-26 23:3241,2020-12-27 00:0325
2020-12-26 05:4949,2020-12-26 06:1040,2020-12-26 06:3331,2020-12-26 06:4825,2020-12-26 07:1114,2020-12-26 07:3205,2020-12-26 07:4857,2020-12-26 08:1347,2020-12-26 08:3635,2020-12-26 08:4132,2020-12-26 09:1118,2020-12-26 09:3607,2020-12-26 09:4004,2020-12-26 10:1051,2020-12-26 10:3541,2020-12-26 10:5332,2020-12-26 11:1520,2020-12-26 11:4212,2020-12-26 11:5505,2020-12-26 12:2651,2020-12-26 12:4541,2020-12-26 13:1131,2020-12-26 13:3522,2020-12-26 14:0216,2020-12-26 14:2815,2020-12-26 14:5858,2020-12-26 15:1951,2020-12-26 15:4143,2020-12-26 16:1534,2020-12-26 16:4123,2020-12-26 17:0117,2020-12-26 17:2411,2020-12-26 17:4606,2020-12-26 18:1852,2020-12-26 18:3546,2020-12-26 19:0038,2020-12-26 19:2530,2020-12-26 19:5321,2020-12-26 20:1813,2020-12-26 20:3804,2020-12-26 21:0256,2020-12-26 21:2845,2020-12-26 21:5134,2020-12-26 22:2120,2020-12-26 22:3910,2020-12-26 23:0955,2020-12-26 23:3341,2020-12-27 00:0623
2020-12-26 05:5049,2020-12-26 06:1139,2020-12-26 06:3530,2020-12-26 06:5024,2020-12-26 07:1214,2020-12-26 07:3405,2020-12-26 07:4957,2020-12-26 08:1546,2020-12-26 08:3734,2020-12-26 08:5723,2020-12-26 09:1217,2020-12-26 09:3806,2020-12-26 09:5456,2020-12-26 10:1350,2020-12-26 10:3741,2020-12-26 10:5630,2020-12-26 11:1820,2020-12-26 11:4411,2020-12-26 11:5803,2020-12-26 12:2949,2020-12-26 12:4741,2020-12-26 13:1329,2020-12-26 13:3722,2020-12-26 14:0416,2020-12-26 14:3105,2020-12-26 15:0256,2020-12-26 15:2150,2020-12-26 15:4542,2020-12-26 16:1833,2020-12-26 16:4423,2020-12-26 17:0416,2020-12-26 17:2610,2020-12-26 17:4905,2020-12-26 18:2051,2020-12-26 18:3845,2020-12-26 19:0237,2020-12-26 19:2729,2020-12-26 19:5520,2020-12-26 20:2211,2020-12-26 20:4003,2020-12-26 21:0455,2020-12-26 21:3044,2020-12-26 21:5333,2020-12-26 22:2219,2020-12-26 22:4208,2020-12-26 23:1055,2020-12-26 23:3539,2020-12-27 00:0822
2020-12-26 05:5248,2020-12-26 06:1338,2020-12-26 06:3829,2020-12-26 06:5124,2020-12-26 07:1512,2020-12-26 07:3603,2020-12-26 07:5255,2020-12-26 08:1746,2020-12-26 08:4032,2020-12-26 09:0022,2020-12-26 09:1516,2020-12-26 09:4004,2020-12-26 09:5755,2020-12-26 10:1548,2020-12-26 10:3940,2020-12-26 10:5930,2020-12-26 11:2118,2020-12-26 11:4709,2020-12-26 12:0102,2020-12-26 12:3247,2020-12-26 12:4940,2020-12-26 13:1628,2020-12-26 13:4021,2020-12-26 14:0715,2020-12-26 14:3404,2020-12-26 15:0655,2020-12-26 15:2448,2020-12-26 15:4841,2020-12-26 16:2131,2020-12-26 16:4722,2020-12-26 17:0616,2020-12-26 17:3009,2020-12-26 17:5104,2020-12-26 18:2350,2020-12-26 18:3945,2020-12-26 19:0535,2020-12-26 19:3028,2020-12-26 19:5720,2020-12-26 20:2411,2020-12-26 20:4303,2020-12-26 21:0654,2020-12-26 21:3343,2020-12-26 21:5532,2020-12-26 22:2517,2020-12-26 22:4408,2020-12-26 23:1353,2020-12-26 23:3738,2020-12-27 00:1021
2020-12-26 05:5447,2020-12-26 06:1537,2020-12-26 06:3929,2020-12-26 06:5323,2020-12-26 07:1712,,2020-12-26 07:5354,2020-12-26 08:1845,2020-12-26 08:4232,2020-12-26 09:0220,2020-12-26 09:1615,2020-12-26 09:4103,2020-12-26 09:5955,2020-12-26 10:1748,2020-12-26 10:4138,2020-12-26 11:0128,,2020-12-26 11:4908,2020-12-26 12:0301,2020-12-26 12:3446,2020-12-26 12:5138,,2020-12-26 13:4221,2020-12-26 14:0914,2020-12-26 14:3604,2020-12-26 15:0754,2020-12-26 15:2648,,2020-12-26 16:2231,2020-12-26 16:4921,2020-12-26 17:0716,2020-12-26 17:3209,2020-12-26 17:5303,2020-12-26 18:2550,2020-12-26 18:4444,,2020-12-26 19:3228,2020-12-26 19:5919,2020-12-26 20:2510,2020-12-26 20:4402,2020-12-26 21:0854,2020-12-26 21:3541,2020-12-26 21:5731,2020-12-26 22:2617,2020-12-26 22:4606,2020-12-26 23:1552,2020-12-26 23:3937,2020-12-27 00:1120
2020-12-26 05:5547,2020-12-26 06:1637,2020-12-26 06:4028,2020-12-26 06:5422,2020-12-26 07:1811,2020-12-26 07:3803,2020-12-26 07:5454,2020-12-26 08:1944,2020-12-26 08:4332,2020-12-26 09:0320,2020-12-26 09:1715,2020-12-26 09:4203,2020-12-26 10:0054,2020-12-26 10:1848,2020-12-26 10:4238,2020-12-26 11:0227,2020-12-26 11:2317,2020-12-26 11:5008,2020-12-26 12:0401,2020-12-26 12:3546,2020-12-26 12:5238,2020-12-26 13:1827,2020-12-26 13:4321,2020-12-26 14:1013,2020-12-26 14:3704,2020-12-26 15:0854,2020-12-26 15:2748,2020-12-26 15:5041,2020-12-26 16:2330,2020-12-26 16:5021,2020-12-26 17:0815,2020-12-26 17:3309,2020-12-26 17:5403,2020-12-26 18:3148,2020-12-26 18:4643,2020-12-26 19:0735,2020-12-26 19:3328,2020-12-26 20:0019,2020-12-26 20:2610,2020-12-26 20:4501,2020-12-26 21:0954,2020-12-26 21:3641,2020-12-26 21:5831,2020-12-26 22:2716,2020-12-26 22:4706,2020-12-26 23:1651,2020-12-26 23:4036,2020-12-27 00:1220
2020-12-26 06:0045,2020-12-26 06:1936,2020-12-26 06:4427,2020-12-26 07:0119,2020-12-26 07:2310,2020-12-26 07:4100,2020-12-26 07:5852,2020-12-26 08:2243,2020-12-26 08:4731,2020-12-26 09:0520,2020-12-26 09:2213,2020-12-26 09:4700,2020-12-26 10:0453,2020-12-26 10:2146,2020-12-26 10:4637,2020-12-26 11:0525,2020-12-26 11:2815,2020-12-26 11:5306,2020-12-26 12:0758,2020-12-26 12:3845,2020-12-26 12:5637,2020-12-26 13:2125,2020-12-26 13:4520,2020-12-26 14:1311,2020-12-26 14:4103,2020-12-26 15:1253,2020-12-26 15:2948,2020-12-26 15:5440,2020-12-26 16:2629,2020-12-26 16:5420,2020-12-26 17:1214,2020-12-26 17:3608,2020-12-26 17:5700,2020-12-26 18:3546,2020-12-26 18:4943,2020-12-26 19:1034,2020-12-26 19:3526,2020-12-26 20:0318,2020-12-26 20:3107,2020-12-26 20:4859,2020-12-26 21:1252,2020-12-26 21:4039,2020-12-26 22:0229,2020-12-26 22:2915,2020-12-26 22:5104,2020-12-26 23:1950,2020-12-26 23:4434,2020-12-27 00:1617
2020-12-26 06:0144,2020-12-26 06:2136,2020-12-26 06:4626,2020-12-26 07:0317,2020-12-26 07:2509,2020-12-26 07:4259,2020-12-26 07:5952,2020-12-26 08:2442,2020-12-26 08:4928,2020-12-26 09:0719,2020-12-26 09:2413,2020-12-26 09:4900,2020-12-26 10:0653,2020-12-26 10:2345,2020-12-26 10:4736,2020-12-26 11:0625,2020-12-26 11:3015,2020-12-26 11:5505,2020-12-26 12:0858,2020-12-26 12:4043,2020-12-26 12:5836,2020-12-26 13:2225,2020-12-26 13:4720,2020-12-26 14:1510,2020-12-26 14:4303,2020-12-26 15:1452,2020-12-26 15:3147,2020-12-26 15:5639,2020-12-26 16:2828,2020-12-26 16:5620,2020-12-26 17:1414,2020-12-26 17:3808,2020-12-26 17:5859,2020-12-26 18:3746,2020-12-26 18:5142,2020-12-26 19:1234,2020-12-26 19:3725,2020-12-26 20:0518,2020-12-26 20:3206,2020-12-26 20:5059,2020-12-26 21:1451,2020-12-26 21:4238,2020-12-26 22:0428,2020-12-26 22:3113,2020-12-26 22:5303,2020-12-26 23:2148,2020-12-26 23:4632,2020-12-27 00:1816
2020-12-26 06:0343,2020-12-26 06:2336,2020-12-26 06:4825,2020-12-26 07:0416,2020-12-26 07:2608,2020-12-26 07:4459,2020-12-26 08:0151,2020-12-26 08:2641,2020-12-26 08:5127,2020-12-26 09:0918,2020-12-26 09:2612,2020-12-26 09:5059,2020-12-26 10:0852,2020-12-26 10:2544,2020-12-26 10:4934,2020-12-26 11:0824,2020-12-26 11:3214,2020-12-26 11:5704,2020-12-26 12:1057,2020-12-26 12:4242,2020-12-26 12:5935,2020-12-26 13:2424,2020-12-26 13:4919,2020-12-26 14:1709,2020-12-26 14:4402,2020-12-26 15:1552,2020-12-26 15:3346,2020-12-26 15:5739,2020-12-26 16:3026,2020-12-26 16:5719,2020-12-26 17:1613,2020-12-26 17:4008,2020-12-26 17:5959,2020-12-26 18:3945,2020-12-26 18:5341,2020-12-26 19:1434,2020-12-26 19:3924,2020-12-26 20:0717,2020-12-26 20:3406,2020-12-26 20:5158,2020-12-26 21:1750,2020-12-26 21:4437,2020-12-26 22:0528,2020-12-26 22:3312,2020-12-26 22:5502,2020-12-26 23:2248,2020-12-26 23:4732,2020-12-27 00:1915
2020-12-26 06:0542,2020-12-26 06:2534,2020-12-26 06:5024,2020-12-26 07:0715,2020-12-26 07:2807,2020-12-26 07:4558,2020-12-26 08:0251,2020-12-26 08:2840,2020-12-26 08:5326,2020-12-26 09:1118,2020-12-26 09:2811,2020-12-26 09:5158,2020-12-26 10:0951,2020-12-26 10:2643,2020-12-26 10:5133,2020-12-26 11:1023,2020-12-26 11:3414,2020-12-26 11:5902,2020-12-26 12:1255,2020-12-26 12:4441,2020-12-26 13:0135,2020-12-26 13:2623,2020-12-26 13:5119,2020-12-26 14:1908,2020-12-26 14:4601,2020-12-26 15:1751,2020-12-26 15:3546,2020-12-26 15:5939,2020-12-26 16:3225,2020-12-26 16:5918,2020-12-26 17:1812,2020-12-26 17:4107,2020-12-26 18:0157,2020-12-26 18:4045,2020-12-26 18:5540,2020-12-26 19:1533,2020-12-26 19:4124,2020-12-26 20:0917,2020-12-26 20:3605,2020-12-26 20:5358,2020-12-26 21:1949,2020-12-26 21:4636,2020-12-26 22:0727,2020-12-26 22:3511,2020-12-26 22:5701,2020-12-26 23:2446,2020-12-26 23:4931,2020-12-27 00:2113
2020-12-26 06:0642,2020-12-26 06:2634,2020-12-26 06:5223,2020-12-26 07:0815,2020-12-26 07:3005,2020-12-26 07:4758,2020-12-26 08:0449,2020-12-26 08:2940,2020-12-26 08:5425,2020-12-26 09:1217,2020-12-26 09:2910,2020-12-26 09:5356,2020-12-26 10:1150,2020-12-26 10:2843,2020-12-26 10:5232,2020-12-26 11:1123,2020-12-26 11:3613,2020-12-26 12:0002,2020-12-26 12:1355,2020-12-26 12:4541,2020-12-26 13:0335,2020-12-26 13:2723,2020-12-26 13:5219,2020-12-26 14:2007,2020-12-26 14:4701,2020-12-26 15:1951,2020-12-26 15:3645,2020-12-26 16:0138,2020-12-26 16:3325,2020-12-26 17:0017,2020-12-26 17:1912,2020-12-26 17:4307,2020-12-26 18:0356,2020-12-26 18:4244,2020-12-26 18:5640,2020-12-26 19:1733,2020-12-26 19:4324,2020-12-26 20:1115,2020-12-26 20:3704,2020-12-26 20:5458,2020-12-26 21:2048,2020-12-26 21:4835,2020-12-26 22:0925,2020-12-26 22:3610,2020-12-26 22:5900,2020-12-26 23:2546,2020-12-26 23:5131,2020-12-27 00:2213
2020-12-26 06:0741,2020-12-26 06:2834,2020-12-26 06:5323,2020-12-26 07:1014,2020-12-26 07:3105,2020-12-26 07:4857,2020-12-26 08:0549,2020-12-26 08:3138,2020-12-26 08:5525,2020-12-26 09:1417,2020-12-26 09:3110,2020-12-26 09:5456,2020-12-26 10:1250,2020-12-26 10:2943,2020-12-26 10:5332,2020-12-26 11:1322,2020-12-26 11:3713,2020-12-26 12:0102,2020-12-26 12:1554,2020-12-26 12:4641,2020-12-26 13:0435,2020-12-26 13:2823,2020-12-26 13:5319,2020-12-26 14:2107,2020-12-26 14:4901,2020-12-26 15:2050,2020-12-26 15:3745,2020-12-26 16:0238,2020-12-26 16:3525,2020-12-26 17:0217,2020-12-26 17:2012,2020-12-26 17:4407,2020-12-26 18:0455,2020-12-26 18:4344,2020-12-26 18:5839,2020-12-26 19:1832,2020-12-26 19:4423,2020-12-26 20:1215,2020-12-26 20:3904,2020-12-26 20:5557,2020-12-26 21:2148,2020-12-26 21:4935,2020-12-26 22:1025,2020-12-26 22:3809,2020-12-26 23:0000,2020-12-26 23:2645,2020-12-26 23:5230,2020-12-27 00:2313
2020-12-26 06:0940,2020-12-26 06:3033,2020-12-26 06:5522,2020-12-26 07:1114,2020-12-26 07:3305,2020-12-26 07:5056,2020-12-26 08:0749,2020-12-26 08:3337,2020-12-26 08:5723,2020-12-26 09:1615,2020-12-26 09:3309,2020-12-26 09:5655,2020-12-26 10:1449,2020-12-26 10:3142,2020-12-26 10:5531,2020-12-26 11:1520,2020-12-26 11:3913,2020-12-26 12:0301,2020-12-26 12:1754,2020-12-26 12:4840,2020-12-26 13:0634,2020-12-26 13:3023,2020-12-26 13:5519,2020-12-26 14:2307,2020-12-26 14:5001,2020-12-26 15:2249,2020-12-26 15:3944,2020-12-26 16:0438,2020-12-26 16:3724,2020-12-26 17:0317,2020-12-26 17:2211,2020-12-26 17:4606,2020-12-26 18:0655,2020-12-26 18:4543,2020-12-26 19:0038,2020-12-26 19:2031,2020-12-26 19:4623,2020-12-26 20:1514,2020-12-26 20:4003,2020-12-26 20:5757,2020-12-26 21:2346,2020-12-26 21:5134,2020-12-26 22:1224,2020-12-26 22:3910,2020-12-26 23:0158,2020-12-26 23:2844,2020-12-26 23:5430,2020-12-27 00:2512
2020-12-26 06:1239,2020-12-26 06:3232,2020-12-26 06:5821,2020-12-26 07:1313,2020-12-26 07:3504,2020-12-26 07:5255,2020-12-26 08:0948,2020-12-26 08:3536,2020-12-26 09:0022,2020-12-26 09:1815,2020-12-26 09:3507,2020-12-26 09:5855,2020-12-26 10:1648,2020-12-26 10:3341,2020-12-26 10:5730,2020-12-26 11:1720,2020-12-26 11:4112,2020-12-26 12:0500,2020-12-26 12:1954,2020-12-26 12:5039,2020-12-26 13:0833,2020-12-26 13:3222,2020-12-26 13:5717,2020-12-26 14:2506,2020-12-26 14:5200,2020-12-26 15:2448,2020-12-26 15:4143,2020-12-26 16:0637,2020-12-26 16:3924,2020-12-26 17:0516,2020-12-26 17:2411,2020-12-26 17:4805,2020-12-26 18:0854,2020-12-26 18:4743,2020-12-26 19:0237,2020-12-26 19:2231,2020-12-26 19:4922,2020-12-26 20:1813,2020-12-26 20:4303,2020-12-26 20:5957,2020-12-26 21:2545,2020-12-26 21:5433,2020-12-26 22:1522,2020-12-26 22:4109,2020-12-26 23:0358,2020-12-26 23:3043,2020-12-26 23:5629,2020-12-27 00:2712
2020-12-26 06:1438,2020-12-26 06:3431,2020-12-26 07:0019,2020-12-26 07:1512,2020-12-26 07:3703,2020-12-26 07:5354,,2020-12-26 08:3635,,2020-12-26 09:2015,2020-12-26 09:3607,,,2020-12-26 10:3441,,2020-12-26 11:1820,2020-12-26 11:4312,2020-12-26 12:0659,2020-12-26 12:2054,2020-12-26 12:5238,2020-12-26 13:1032,,2020-12-26 13:5917,2020-12-26 14:2706,2020-12-26 14:5359,2020-12-26 15:2748,2020-12-26 15:4342,,2020-12-26 16:4123,,2020-12-26 17:2710,2020-12-26 17:5004,,2020-12-26 18:4943,2020-12-26 19:0337,2020-12-26 19:2430,2020-12-26 19:5022,2020-12-26 20:2012,2020-12-26 20:4501,2020-12-26 21:0156,2020-12-26 21:2745,2020-12-26 21:5532,2020-12-26 22:1622,,2020-12-26 23:0557,2020-12-26 23:3241,,2020-12-27 00:2812
2020-12-26 06:1537,,2020-12-26 07:0119,,2020-12-26 07:3803,,2020-12-26 08:1147,,2020-12-26 09:0121,,2020-12-26 09:3806,2020-12-26 10:0054,2020-12-26 10:1848,2020-12-26 10:3541,2020-12-26 10:5930,2020-12-26 11:1919,,,2020-12-26 12:2154,2020-12-26 12:5338,2020-12-26 13:1131,2020-12-26 13:3422,,2020-12-26 14:2815,2020-12-26 14:5559,,2020-12-26 15:4442,2020-12-26 16:0836,2020-12-26 16:4323,2020-12-26 17:0815,2020-12-26 17:2810,,2020-12-26 18:1054,2020-12-26 18:5042,2020-12-26 19:0535,2020-12-26 19:2530,,2020-12-26 20:2112,2020-12-26 20:4601,,2020-12-26 21:2845,2020-12-26 21:5632,2020-12-26 22:1821,2020-12-26 22:4308,2020-12-26 23:0657,,2020-12-26 23:5828,
2020-12-26 06:1637,,2020-12-26 07:0317,2020-12-26 07:1612,,2020-12-26 07:5553,,2020-12-26 08:3833,2020-12-26 09:0320,2020-12-26 09:2114,,,2020-12-26 10:1947,2020-12-26 10:3641,2020-12-26 11:0029,,2020-12-26 11:4411,,,2020-12-26 12:5437,2020-12-26 13:1329,,2020-12-26 14:0116,2020-12-26 14:2906,2020-12-26 14:5658,2020-12-26 15:2848,2020-12-26 15:4542,2020-12-26 16:0935,2020-12-26 16:4423,,2020-12-26 17:2909,2020-12-26 17:5104,2020-12-26 18:1154,2020-12-26 18:5142,,,2020-12-26 19:5121,2020-12-26 20:2211,2020-12-26 20:4700,2020-12-26 21:0356,2020-12-26 21:3044,,2020-12-26 22:1921,2020-12-26 22:4408,,,2020-12-26 23:5927,
2020-12-26 06:1837,2020-12-26 06:3630,2020-12-26 07:0416,,2020-12-26 07:3902,,2020-12-26 08:1347,,,,2020-12-26 09:3905,2020-12-26 10:0154,,2020-12-26 10:3841,2020-12-26 11:0128,2020-12-26 11:2118,2020-12-26 11:4610,2020-12-26 12:0858,2020-12-26 12:2352,2020-12-26 12:5637,2020-12-26 13:1429,2020-12-26 13:3622,2020-12-26 14:0416,2020-12-26 14:3105,2020-12-26 14:5858,2020-12-26 15:3147,2020-12-26 15:4641,2020-12-26 16:1135,2020-12-26 16:4622,2020-12-26 17:0915,2020-12-26 17:3109,2020-12-26 17:5403,2020-12-26 18:1353,2020-12-26 18:5341,2020-12-26 19:0635,2020-12-26 19:2630,,2020-12-26 20:2411,2020-12-26 20:4859,2020-12-26 21:0555,2020-12-26 21:3144,2020-12-26 21:5831,2020-12-26 22:2120,2020-12-26 22:4606,2020-12-26 23:0856,2020-12-26 23:3341,2020-12-27 00:0126,2020-12-27 00:2912
2020-12-26 06:1936,2020-12-26 06:3929,2020-12-26 07:0715,2020-12-26 07:1712,,2020-12-26 07:5653,,2020-12-26 08:3933,2020-12-26 09:0420,2020-12-26 09:2413,,,2020-12-26 10:2146,,,2020-12-26 11:2217,2020-12-26 11:4709,2020-12-26 12:0957,2020-12-26 12:2453,2020-12-26 12:5737,,2020-12-26 13:3922,,2020-12-26 14:3205,2020-12-26 15:0156,2020-12-26 15:3247,2020-12-26 15:4941,2020-12-26 16:1235,,2020-12-26 17:1214,2020-12-26 17:3209,2020-12-26 17:5502,2020-12-26 18:1453,2020-12-26 18:5440,2020-12-26 19:0935,2020-12-26 19:2928,2020-12-26 19:5421,2020-12-26 20:2709,2020-12-26 20:4959,2020-12-26 21:0654,,2020-12-26 22:0029,2020-12-26 22:2219,2020-12-26 22:4706,,2020-12-26 23:3440,,
,,2020-12-26 07:0815,2020-12-26 07:1811,2020-12-26 07:4001,2020-12-26 07:5753,2020-12-26 08:1446,2020-12-26 08:4032,2020-12-26 09:0520,2020-12-26 09:2512,2020-12-26 09:4004,2020-12-26 10:0453,,2020-12-26 10:3940,2020-12-26 11:0227,2020-12-26 11:2416,,,2020-12-26 12:2651,2020-12-26 12:5935,2020-12-26 13:1727,2020-12-26 13:4021,2020-12-26 14:0515,2020-12-26 14:3305,2020-12-26 15:0256,2020-12-26 15:3446,2020-12-26 15:5041,2020-12-26 16:1434,2020-12-26 16:4722,2020-12-26 17:1414,2020-12-26 17:3309,2020-12-26 17:5601,2020-12-26 18:1652,2020-12-26 18:5540,2020-12-26 19:1034,2020-12-26 19:3228,2020-12-26 19:5520,2020-12-26 20:2809,2020-12-26 20:5158,,2020-12-26 21:3442,2020-12-26 22:0229,,2020-12-26 22:4806,2020-12-26 23:0955,2020-12-26 23:3639,2020-12-27 00:0226,2020-12-27 00:3210
2020-12-26 06:2236,2020-12-26 06:4028,2020-12-26 07:1014,2020-12-26 07:2010,,2020-12-26 07:5952,2020-12-26 08:1546,2020-12-26 08:4232,2020-12-26 09:0719,,2020-12-26 09:4302,2020-12-26 10:0553,2020-12-26 10:2245,2020-12-26 10:4039,,2020-12-26 11:2515,2020-12-26 11:5008,2020-12-26 12:1255,2020-12-26 12:2751,2020-12-26 13:0035,2020-12-26 13:2026,2020-12-26 13:4221,2020-12-26 14:0715,2020-12-26 14:3504,2020-12-26 15:0455,2020-12-26 15:3546,2020-12-26 15:5240,2020-12-26 16:1534,2020-12-26 16:4822,2020-12-26 17:1513,2020-12-26 17:3508,2020-12-26 17:5800,2020-12-26 18:1752,2020-12-26 18:5739,2020-12-26 19:1234,,2020-12-26 19:5720,2020-12-26 20:3008,2020-12-26 20:5258,2020-12-26 21:0954,2020-12-26 21:3541,2020-12-26 22:0329,2020-12-26 22:2318,2020-12-26 22:5005,2020-12-26 23:1055,2020-12-26 23:3738,,
2020-12-26 06:2336,,2020-12-26 07:1114,,2020-12-26 07:4100,,,,2020-12-26 09:0819,2020-12-26 09:2612,2020-12-26 09:4402,,2020-12-26 10:2345,,2020-12-26 11:0525,2020-12-26 11:2616,2020-12-26 11:5108,,,,,2020-12-26 13:4321,2020-12-26 14:0814,,2020-12-26 15:0555,2020-12-26 15:3745,2020-12-26 15:5340,,,2020-12-26 17:1812,2020-12-26 17:3608,,,2020-12-26 18:5839,2020-12-26 19:1334,2020-12-26 19:3328,,2020-12-26 20:3107,,2020-12-26 21:1053,,2020-12-26 22:0528,2020-12-26 22:2517,2020-12-26 22:5104,,2020-12-26 23:3837,2020-12-27 00:0524,2020-12-27 00:3310
,2020-12-26 06:4327,2020-12-26 07:1214,2020-12-26 07:2110,2020-12-26 07:4200,2020-12-26 08:0051,2020-12-26 08:1646,2020-12-26 08:4332,2020-12-26 09:0918,2020-12-26 09:2711,,2020-12-26 10:0653,2020-12-26 10:2444,2020-12-26 10:4138,2020-12-26 11:0625,,2020-12-26 11:5207,2020-12-26 12:1554,2020-12-26 12:2850,2020-12-26 13:0335,2020-12-26 13:2125,,2020-12-26 14:0914,2020-12-26 14:3604,,2020-12-26 15:3845,2020-12-26 15:5440,2020-12-26 16:1833,2020-12-26 16:4921,2020-12-26 17:1912,2020-12-26 17:3708,2020-12-26 17:5859,2020-12-26 18:2051,2020-12-26 19:0038,,2020-12-26 19:3426,2020-12-26 19:5919,2020-12-26 20:3206,2020-12-26 20:5358,2020-12-26 21:1153,2020-12-26 21:3840,2020-12-26 22:0627,2020-12-26 22:2617,,2020-12-26 23:1154,2020-12-26 23:3937,2020-12-27 00:0623,
2020-12-26 06:2435,2020-12-26 06:4427,2020-12-26 07:1313,2020-12-26 07:2210,,,2020-12-26 08:1746,2020-12-26 08:4431,,2020-12-26 09:2811,2020-12-26 09:4502,,,,,2020-12-26 11:2715,,2020-12-26 12:1654,,2020-12-26 13:0435,,2020-12-26 13:4420,2020-12-26 14:1013,2020-12-26 14:3704,2020-12-26 15:0655,,,,2020-12-26 16:5021,2020-12-26 17:2012,,2020-12-26 17:5959,2020-12-26 18:2151,,2020-12-26 19:1434,2020-12-26 19:3526,2020-12-26 20:0019,2020-12-26 20:3306,2020-12-26 20:5458,,2020-12-26 21:3940,,2020-12-26 22:2716,2020-12-26 22:5203,2020-12-26 23:1253,,2020-12-27 00:0722,2020-12-27 00:3409
2020-12-26 06:2534,2020-12-26 06:4527,,,2020-12-26 07:4259,2020-12-26 08:0151,,,2020-12-26 09:1018,2020-12-26 09:2910,2020-12-26 09:4601,2020-12-26 10:0753,,,,,2020-12-26 11:5306,2020-12-26 12:1754,2020-12-26 12:2949,,2020-12-26 13:2225,,,,2020-12-26 15:0754,2020-12-26 15:3944,,,,2020-12-26 17:2111,,,,2020-12-26 19:0138,,,,,,,,,,,2020-12-26 23:1353,,,
,,,,,,,,,,,,,,,,,,,,,,,,,,,,,,,,,,,,,,,,,,,,,,,
,,,,,,,,,,,,,,,,,,,,,,,,,,,,,,,,,,,,,,,,,,,,,,,
