경기70아8880_0,경기70아8601_0,경기78아1178_0,경기70아8629_0,경기77바1198_0,경기70아8789_0,경기70아7482_0,경기78아1147_0,경기78아1117_0,경기70아7361_0,경기76사5089_0,경기77바1097_0,경기70아8880_81,경기70아6926_0,강원71바1297_0,경기70아8601_81,경기78아1178_94,경기70아8629_94,경기77바1198_103,경기70아8789_100,경기70아7482_100,경기78아1147_104,경기78아1117_93,경기70아7361_103,경기70아6926_106,경기77바1097_111,경기70아8880_195,경기70아8601_183,경기78아1178_194,경기70아8629_192,경기77바1198_206,경기70아8789_197,경기70아6926_202,경기70아7482_196,경기78아1147_197,경기78아1117_188,경기70아7361_201,경기77바1097_215,경기70아8880_293,경기70아8601_281,경기78아1178_291,경기70아8629_288,경기77바1198_301,경기70아8789_290,경기70아6926_300,경기70아7482_302,경기78아1147_298,경기78아1117_290,경기70아7361_301,경기77바1097_318,경기70아8880_396,경기70아8601_401,경기78아1178_394,경기70아8629_409,경기77바1198_413,경기70아8789_400,경기70아6926_417,경기70아7482_424,경기78아1147_413,경기78아1117_414,경기70아7361_424,경기77바1097_444,경기70아8880_525,경기70아8601_544,경기78아1178_524,경기70아8629_540,경기77바1198_544,경기70아8789_533,경기70아6926_542,경기70아7482_549,경기78아1147_526,경기78아1117_523,경기70아7361_562,경기77바1097_554
2020-12-23 05:0113,,2020-12-23 05:4056,2020-12-23 05:5748,2020-12-23 06:1042,2020-12-23 06:2138,,2020-12-23 06:4229,,2020-12-23 07:0123,,2020-12-23 07:1615,,,,,,2020-12-23 08:1547,2020-12-23 08:2543,,2020-12-23 08:4830,2020-12-23 09:0122,2020-12-23 09:1613,2020-12-23 09:3105,2020-12-23 09:4557,2020-12-23 10:0050,2020-12-23 10:1641,,2020-12-23 10:4626,2020-12-23 11:0121,2020-12-23 11:1612,2020-12-23 11:3106,,2020-12-23 12:0054,2020-12-23 12:2045,,2020-12-23 13:0127,2020-12-23 13:2120,2020-12-23 13:4113,2020-12-23 14:0205,2020-12-23 14:2056,2020-12-23 12:3738,2020-12-23 15:0141,2020-12-23 15:1636,2020-12-23 15:3129,2020-12-23 15:4625,2020-12-23 16:0120,,2020-12-23 16:3109,2020-12-23 16:4602,2020-12-23 17:0155,2020-12-23 17:1152,2020-12-23 17:2149,2020-12-23 17:3046,2020-12-23 17:4142,,2020-12-23 18:0435,2020-12-23 18:1630,2020-12-23 18:3124,,2020-12-23 19:0115,2020-12-23 19:1610,2020-12-23 19:3106,2020-12-23 19:4701,2020-12-23 20:0054,2020-12-23 20:2047,2020-12-23 20:4142,,,2020-12-23 21:4118,,,2020-12-23 22:5055,2020-12-23 23:1248
2020-12-23 05:0213,2020-12-23 05:2103,2020-12-23 05:4156,2020-12-23 05:5847,2020-12-23 06:1142,,2020-12-23 06:3731,2020-12-23 06:4329,,2020-12-23 07:0223,2020-12-23 07:1018,2020-12-23 07:1715,2020-12-23 07:2313,2020-12-23 07:3807,2020-12-23 07:4702,,2020-12-23 08:0653,,2020-12-23 08:2642,2020-12-23 08:3636,,2020-12-23 09:0222,2020-12-23 09:1713,2020-12-23 09:3204,2020-12-23 09:4656,2020-12-23 10:0248,,,2020-12-23 10:4726,2020-12-23 11:0220,2020-12-23 11:1712,2020-12-23 11:3206,2020-12-23 11:4600,2020-12-23 12:0154,2020-12-23 12:2145,2020-12-23 12:4136,2020-12-23 13:0227,2020-12-23 13:2220,2020-12-23 13:4212,,2020-12-23 14:2155,2020-12-23 14:4147,,2020-12-23 15:1736,2020-12-23 15:3229,2020-12-23 15:4725,2020-12-23 16:0220,2020-12-23 16:1914,2020-12-23 16:3209,2020-12-23 16:4701,,2020-12-23 17:1251,2020-12-23 17:2348,,2020-12-23 17:4242,2020-12-23 17:5139,,2020-12-23 18:1730,2020-12-23 18:3224,,2020-12-23 19:0215,2020-12-23 19:1710,2020-12-23 19:3206,,2020-12-23 20:0153,2020-12-23 20:2147,2020-12-23 20:4241,2020-12-23 21:0132,2020-12-23 21:2125,2020-12-23 21:4218,2020-12-23 22:0112,,2020-12-23 22:5155,2020-12-23 23:1348
,2020-12-23 05:2303,2020-12-23 05:4255,,2020-12-23 06:1241,2020-12-23 06:2237,2020-12-23 06:4030,2020-12-23 06:4529,,2020-12-23 07:0322,2020-12-23 07:1118,2020-12-23 07:1815,2020-12-23 07:2513,2020-12-23 07:4006,2020-12-23 07:4801,2020-12-23 07:5955,2020-12-23 08:0752,2020-12-23 08:1746,2020-12-23 08:2741,2020-12-23 08:3735,2020-12-23 08:5029,2020-12-23 09:0321,2020-12-23 09:1812,2020-12-23 09:3303,2020-12-23 09:4756,2020-12-23 10:0348,2020-12-23 10:1741,2020-12-23 10:3235,,,2020-12-23 11:1812,2020-12-23 11:3306,2020-12-23 11:4759,2020-12-23 12:0254,2020-12-23 12:2244,2020-12-23 12:4336,2020-12-23 13:0326,2020-12-23 13:2319,2020-12-23 13:4312,2020-12-23 14:0305,2020-12-23 14:2255,2020-12-23 14:4247,2020-12-23 15:0240,2020-12-23 15:2036,2020-12-23 15:3329,2020-12-23 15:4824,2020-12-23 16:0319,2020-12-23 16:2013,2020-12-23 16:3308,2020-12-23 16:4800,2020-12-23 17:0255,2020-12-23 17:1351,,2020-12-23 17:3245,2020-12-23 17:4341,2020-12-23 17:5238,2020-12-23 18:0535,,2020-12-23 18:3324,2020-12-23 18:4819,2020-12-23 19:0315,2020-12-23 19:1810,2020-12-23 19:3306,2020-12-23 19:4800,2020-12-23 20:0253,2020-12-23 20:2247,2020-12-23 20:4539,2020-12-23 21:0332,,2020-12-23 21:4318,2020-12-23 22:0312,,2020-12-23 22:5255,2020-12-23 23:1547
2020-12-23 05:0313,2020-12-23 05:2403,2020-12-23 05:4355,2020-12-23 06:0047,2020-12-23 06:1340,2020-12-23 06:2437,2020-12-23 06:4130,2020-12-23 06:4628,,2020-12-23 07:0422,2020-12-23 07:1416,2020-12-23 07:1914,2020-12-23 07:2612,2020-12-23 07:4106,2020-12-23 07:4900,2020-12-23 08:0154,2020-12-23 08:0852,2020-12-23 08:1846,2020-12-23 08:2841,2020-12-23 08:3935,2020-12-23 08:5129,2020-12-23 09:0420,2020-12-23 09:1911,2020-12-23 09:3402,2020-12-23 09:4856,2020-12-23 10:0447,2020-12-23 10:1841,,2020-12-23 10:4826,2020-12-23 11:0320,2020-12-23 11:1911,2020-12-23 11:3406,2020-12-23 11:4859,2020-12-23 12:0354,2020-12-23 12:2343,2020-12-23 12:4436,2020-12-23 13:0426,2020-12-23 13:2419,2020-12-23 13:4412,2020-12-23 14:0404,2020-12-23 14:2354,2020-12-23 14:4347,2020-12-23 15:0440,2020-12-23 15:2135,2020-12-23 15:3428,2020-12-23 15:4924,2020-12-23 16:0418,2020-12-23 16:2113,2020-12-23 16:3408,2020-12-23 16:4900,2020-12-23 17:0355,2020-12-23 17:1451,2020-12-23 17:2547,2020-12-23 17:3345,,2020-12-23 17:5338,2020-12-23 18:0635,2020-12-23 18:1829,2020-12-23 18:3424,2020-12-23 18:4918,2020-12-23 19:0414,2020-12-23 19:1909,2020-12-23 19:3406,2020-12-23 19:4900,2020-12-23 20:0353,2020-12-23 20:2346,2020-12-23 20:4639,2020-12-23 21:0431,2020-12-23 21:2324,,2020-12-23 22:0411,,2020-12-23 22:5354,
2020-12-23 05:0413,,2020-12-23 05:4454,2020-12-23 06:0147,2020-12-23 06:1539,2020-12-23 06:2536,2020-12-23 06:4229,2020-12-23 06:4728,,2020-12-23 07:0521,2020-12-23 07:1516,2020-12-23 07:2213,2020-12-23 07:2812,2020-12-23 07:4304,2020-12-23 07:4959,2020-12-23 08:0254,2020-12-23 08:0952,2020-12-23 08:2045,2020-12-23 08:3040,2020-12-23 08:4034,2020-12-23 08:5228,2020-12-23 09:0520,2020-12-23 09:2011,2020-12-23 09:3502,2020-12-23 09:4955,2020-12-23 10:0547,2020-12-23 10:1940,2020-12-23 10:3434,2020-12-23 10:5025,2020-12-23 11:0419,2020-12-23 11:2011,2020-12-23 11:3505,2020-12-23 11:4958,2020-12-23 12:0453,2020-12-23 12:2443,2020-12-23 12:4535,2020-12-23 13:0526,2020-12-23 13:2519,2020-12-23 13:4512,2020-12-23 14:0503,2020-12-23 14:2454,2020-12-23 14:4446,2020-12-23 15:0539,2020-12-23 15:2234,2020-12-23 15:3527,2020-12-23 15:5023,2020-12-23 16:0518,2020-12-23 16:2213,2020-12-23 16:3508,2020-12-23 16:5000,2020-12-23 17:0554,2020-12-23 17:1550,,2020-12-23 17:3444,2020-12-23 17:4440,2020-12-23 17:5437,2020-12-23 18:0734,2020-12-23 18:2029,2020-12-23 18:3523,,2020-12-23 19:0514,2020-12-23 19:2009,2020-12-23 19:3506,2020-12-23 19:4959,2020-12-23 20:0452,2020-12-23 20:2446,2020-12-23 20:4738,2020-12-23 21:0530,2020-12-23 21:2424,2020-12-23 21:4418,2020-12-23 22:0511,,,2020-12-23 23:1647
2020-12-23 05:0513,2020-12-23 05:2502,2020-12-23 05:4554,2020-12-23 06:0246,2020-12-23 06:1739,,2020-12-23 06:4329,2020-12-23 06:4928,,2020-12-23 07:0720,2020-12-23 07:1715,2020-12-23 07:2513,2020-12-23 07:3010,2020-12-23 07:4503,2020-12-23 07:5258,2020-12-23 08:0453,2020-12-23 08:1249,,2020-12-23 08:3238,2020-12-23 08:4233,2020-12-23 08:5426,2020-12-23 09:0719,2020-12-23 09:2210,2020-12-23 09:3701,2020-12-23 09:5155,2020-12-23 10:0746,,2020-12-23 10:3731,,2020-12-23 11:0519,2020-12-23 11:2110,2020-12-23 11:3703,2020-12-23 11:5158,,,2020-12-23 12:4735,2020-12-23 13:0725,2020-12-23 13:2718,2020-12-23 13:4711,2020-12-23 14:0801,,2020-12-23 14:4646,2020-12-23 15:0739,2020-12-23 15:2334,2020-12-23 15:3727,2020-12-23 15:5223,2020-12-23 16:0718,2020-12-23 16:2512,2020-12-23 16:3706,2020-12-23 16:5258,2020-12-23 17:0754,2020-12-23 17:1750,2020-12-23 17:2747,2020-12-23 17:3644,2020-12-23 17:4739,2020-12-23 17:5737,2020-12-23 18:0934,2020-12-23 18:2228,2020-12-23 18:3723,2020-12-23 18:5018,2020-12-23 19:0713,2020-12-23 19:2208,2020-12-23 19:3606,,2020-12-23 20:0551,,2020-12-23 20:4937,2020-12-23 21:0728,2020-12-23 21:2524,2020-12-23 21:4517,2020-12-23 22:0710,2020-12-23 22:3204,2020-12-23 22:5454,2020-12-23 23:1747
,2020-12-23 05:2801,2020-12-23 05:4753,,2020-12-23 06:1839,2020-12-23 06:2735,2020-12-23 06:4529,2020-12-23 06:5028,2020-12-23 06:5825,2020-12-23 07:0819,2020-12-23 07:1815,2020-12-23 07:2612,2020-12-23 07:3309,2020-12-23 07:4602,2020-12-23 07:5457,2020-12-23 08:0553,2020-12-23 08:1348,2020-12-23 08:2244,2020-12-23 08:3337,2020-12-23 08:4333,2020-12-23 08:5525,2020-12-23 09:0818,2020-12-23 09:2309,2020-12-23 09:3801,2020-12-23 09:5254,2020-12-23 10:0846,2020-12-23 10:2238,2020-12-23 10:3831,2020-12-23 10:5223,2020-12-23 11:0817,2020-12-23 11:2310,2020-12-23 11:3802,2020-12-23 11:5257,2020-12-23 12:0751,2020-12-23 12:2742,2020-12-23 12:5033,2020-12-23 13:0824,2020-12-23 13:2817,2020-12-23 13:4811,2020-12-23 14:1000,2020-12-23 14:2752,2020-12-23 14:4745,2020-12-23 15:0838,2020-12-23 15:2533,2020-12-23 15:3827,2020-12-23 15:5322,,,2020-12-23 16:3806,2020-12-23 16:5557,2020-12-23 17:0953,2020-12-23 17:2050,2020-12-23 17:3046,2020-12-23 17:3744,2020-12-23 17:4839,2020-12-23 17:5836,2020-12-23 18:1033,2020-12-23 18:2527,2020-12-23 18:3822,2020-12-23 18:5316,2020-12-23 19:0813,2020-12-23 19:2308,2020-12-23 19:3805,2020-12-23 19:5257,2020-12-23 20:0751,2020-12-23 20:2745,2020-12-23 20:5037,2020-12-23 21:1027,2020-12-23 21:2723,,2020-12-23 22:0810,2020-12-23 22:3303,2020-12-23 22:5554,
2020-12-23 05:0812,,2020-12-23 05:4852,2020-12-23 06:0545,2020-12-23 06:2038,2020-12-23 06:3034,2020-12-23 06:4828,2020-12-23 06:5327,2020-12-23 07:0024,2020-12-23 07:1118,2020-12-23 07:2113,2020-12-23 07:2812,2020-12-23 07:3608,2020-12-23 07:4801,2020-12-23 07:5756,2020-12-23 08:0752,,2020-12-23 08:2343,2020-12-23 08:3536,2020-12-23 08:4532,2020-12-23 08:5823,2020-12-23 09:1116,2020-12-23 09:2508,2020-12-23 09:4059,,2020-12-23 10:1044,2020-12-23 10:2538,2020-12-23 10:4030,2020-12-23 10:5323,2020-12-23 11:1015,,,,2020-12-23 12:1050,2020-12-23 12:2842,2020-12-23 12:5331,2020-12-23 13:1024,2020-12-23 13:3017,,2020-12-23 14:1059,2020-12-23 14:3051,,2020-12-23 15:1038,2020-12-23 15:2831,,2020-12-23 15:5522,2020-12-23 16:1017,2020-12-23 16:2811,,2020-12-23 16:5756,2020-12-23 17:1053,,2020-12-23 17:3245,2020-12-23 17:4043,2020-12-23 17:5039,2020-12-23 18:0036,2020-12-23 18:1331,2020-12-23 18:2626,2020-12-23 18:4022,2020-12-23 18:5516,2020-12-23 19:1013,,,2020-12-23 19:5555,2020-12-23 20:0850,2020-12-23 20:2845,,2020-12-23 21:1127,2020-12-23 21:2823,2020-12-23 21:4817,2020-12-23 22:1109,,2020-12-23 22:5753,2020-12-23 23:2045
2020-12-23 05:0911,,2020-12-23 05:4951,2020-12-23 06:0644,2020-12-23 06:2138,2020-12-23 06:3133,2020-12-23 06:4928,2020-12-23 06:5426,2020-12-23 07:0123,2020-12-23 07:1218,2020-12-23 07:2213,2020-12-23 07:2911,2020-12-23 07:3707,2020-12-23 07:4900,2020-12-23 07:5856,2020-12-23 08:0852,2020-12-23 08:1547,2020-12-23 08:2443,2020-12-23 08:3636,,2020-12-23 08:5923,2020-12-23 09:1215,2020-12-23 09:2608,2020-12-23 09:4158,2020-12-23 09:5353,2020-12-23 10:1144,2020-12-23 10:2638,,2020-12-23 10:5423,,2020-12-23 11:2410,2020-12-23 11:4102,2020-12-23 11:5557,2020-12-23 12:1149,2020-12-23 12:2942,2020-12-23 12:5430,,2020-12-23 13:3117,2020-12-23 13:5109,2020-12-23 14:1158,2020-12-23 14:3150,2020-12-23 14:4845,2020-12-23 15:1138,2020-12-23 15:2930,2020-12-23 15:4127,,,,2020-12-23 16:4105,,2020-12-23 17:1251,2020-12-23 17:2149,2020-12-23 17:3345,,2020-12-23 17:5139,2020-12-23 18:0136,2020-12-23 18:1431,2020-12-23 18:2726,2020-12-23 18:4122,2020-12-23 18:5616,2020-12-23 19:1112,2020-12-23 19:2608,2020-12-23 19:3905,2020-12-23 19:5655,2020-12-23 20:0949,2020-12-23 20:2945,2020-12-23 20:5337,2020-12-23 21:1227,2020-12-23 21:2923,2020-12-23 21:4917,2020-12-23 22:1209,,,2020-12-23 23:2145
2020-12-23 05:1110,2020-12-23 05:2901,2020-12-23 05:5051,2020-12-23 06:0843,2020-12-23 06:2337,2020-12-23 06:3333,2020-12-23 06:5128,2020-12-23 06:5626,2020-12-23 07:0322,2020-12-23 07:1317,2020-12-23 07:2313,2020-12-23 07:3110,2020-12-23 07:3906,2020-12-23 07:5058,2020-12-23 08:0055,2020-12-23 08:1051,2020-12-23 08:1646,2020-12-23 08:2543,2020-12-23 08:3835,2020-12-23 08:4631,2020-12-23 09:0122,2020-12-23 09:1414,2020-12-23 09:2806,2020-12-23 09:4357,2020-12-23 09:5552,2020-12-23 10:1342,2020-12-23 10:2837,2020-12-23 10:4129,2020-12-23 10:5622,2020-12-23 11:1115,2020-12-23 11:2608,2020-12-23 11:4202,2020-12-23 11:5657,2020-12-23 12:1349,2020-12-23 12:3042,2020-12-23 12:5629,2020-12-23 13:1124,2020-12-23 13:3316,2020-12-23 13:5308,2020-12-23 14:1358,2020-12-23 14:3349,2020-12-23 14:4945,2020-12-23 15:1337,2020-12-23 15:3129,2020-12-23 15:4326,2020-12-23 15:5621,2020-12-23 16:1116,2020-12-23 16:2910,2020-12-23 16:4304,2020-12-23 16:5856,2020-12-23 17:1351,2020-12-23 17:2348,2020-12-23 17:3444,2020-12-23 17:4242,2020-12-23 17:5338,2020-12-23 18:0235,2020-12-23 18:1531,2020-12-23 18:2925,2020-12-23 18:4321,2020-12-23 18:5716,2020-12-23 19:1312,2020-12-23 19:2707,2020-12-23 19:4105,2020-12-23 19:5854,2020-12-23 20:1049,2020-12-23 20:3144,2020-12-23 20:5436,2020-12-23 21:1327,2020-12-23 21:3123,2020-12-23 21:5116,2020-12-23 22:1309,2020-12-23 22:3402,2020-12-23 22:5853,2020-12-23 23:2345
2020-12-23 05:1308,2020-12-23 05:3159,2020-12-23 05:5349,2020-12-23 06:1340,2020-12-23 06:2934,2020-12-23 06:3731,2020-12-23 06:5526,2020-12-23 06:5825,2020-12-23 07:0720,2020-12-23 07:1715,2020-12-23 07:2911,2020-12-23 07:3508,2020-12-23 07:4404,2020-12-23 07:5557,2020-12-23 08:0453,2020-12-23 08:1646,2020-12-23 08:1945,2020-12-23 08:3139,2020-12-23 08:4432,2020-12-23 08:5029,2020-12-23 09:0420,2020-12-23 09:1713,2020-12-23 09:3204,2020-12-23 09:4656,2020-12-23 10:0149,2020-12-23 10:1641,2020-12-23 10:3036,2020-12-23 10:4527,2020-12-23 10:5922,2020-12-23 11:1612,2020-12-23 11:3007,2020-12-23 11:4401,2020-12-23 12:0054,2020-12-23 12:1846,2020-12-23 12:3539,2020-12-23 13:0027,2020-12-23 13:1522,2020-12-23 13:3815,2020-12-23 13:5807,2020-12-23 14:1657,2020-12-23 14:3748,2020-12-23 14:5443,2020-12-23 15:1636,2020-12-23 15:3329,2020-12-23 15:4824,2020-12-23 15:5921,2020-12-23 16:1415,2020-12-23 16:3209,2020-12-23 16:4701,2020-12-23 17:0155,2020-12-23 17:1950,2020-12-23 17:2846,2020-12-23 17:4043,2020-12-23 17:4739,2020-12-23 17:5836,2020-12-23 18:0734,2020-12-23 18:2029,2020-12-23 18:3822,2020-12-23 18:5018,2020-12-23 19:0215,2020-12-23 19:1710,2020-12-23 19:3206,2020-12-23 19:4403,2020-12-23 20:0153,2020-12-23 20:1349,2020-12-23 20:3443,2020-12-23 20:5834,2020-12-23 21:1725,2020-12-23 21:3521,2020-12-23 21:5316,2020-12-23 22:1708,2020-12-23 22:3800,2020-12-23 23:0152,2020-12-23 23:2544
2020-12-23 05:1606,2020-12-23 05:3458,2020-12-23 05:5548,2020-12-23 06:1639,2020-12-23 06:3133,2020-12-23 06:4030,2020-12-23 06:5825,2020-12-23 07:0123,2020-12-23 07:1018,2020-12-23 07:2014,2020-12-23 07:3110,2020-12-23 07:3707,2020-12-23 07:4702,2020-12-23 07:5756,2020-12-23 08:0653,2020-12-23 08:1846,2020-12-23 08:2244,2020-12-23 08:3337,2020-12-23 08:4631,2020-12-23 08:5228,2020-12-23 09:0719,2020-12-23 09:1911,2020-12-23 09:3402,2020-12-23 09:4856,2020-12-23 10:0348,2020-12-23 10:1940,2020-12-23 10:3235,2020-12-23 10:4726,2020-12-23 11:0121,2020-12-23 11:1812,2020-12-23 11:3206,2020-12-23 11:4700,2020-12-23 12:0354,2020-12-23 12:2045,2020-12-23 12:3738,2020-12-23 13:0227,2020-12-23 13:1721,2020-12-23 13:4113,2020-12-23 14:0006,2020-12-23 14:1956,2020-12-23 14:3948,2020-12-23 14:5643,2020-12-23 15:1836,2020-12-23 15:3627,2020-12-23 15:5023,2020-12-23 16:0220,2020-12-23 16:1714,2020-12-23 16:3508,2020-12-23 16:5000,2020-12-23 17:0355,2020-12-23 17:2149,2020-12-23 17:3146,2020-12-23 17:4341,2020-12-23 17:4939,2020-12-23 18:0136,2020-12-23 18:1033,2020-12-23 18:2228,2020-12-23 18:4022,2020-12-23 18:5316,2020-12-23 19:0414,2020-12-23 19:1909,2020-12-23 19:3506,2020-12-23 19:4602,2020-12-23 20:0452,2020-12-23 20:1648,2020-12-23 20:3743,2020-12-23 21:0132,2020-12-23 21:1925,2020-12-23 21:3721,2020-12-23 21:5614,2020-12-23 22:1907,2020-12-23 22:3958,2020-12-23 23:0352,2020-12-23 23:2843
2020-12-23 05:1706,2020-12-23 05:3558,2020-12-23 05:5748,2020-12-23 06:1739,2020-12-23 06:3333,2020-12-23 06:4229,2020-12-23 07:0024,2020-12-23 07:0322,2020-12-23 07:1218,2020-12-23 07:2213,2020-12-23 07:3309,2020-12-23 07:3906,2020-12-23 07:4900,2020-12-23 07:5955,2020-12-23 08:0852,2020-12-23 08:2145,2020-12-23 08:2443,2020-12-23 08:3536,2020-12-23 08:4929,2020-12-23 08:5426,2020-12-23 09:0917,2020-12-23 09:2110,2020-12-23 09:3602,2020-12-23 09:5055,2020-12-23 10:0547,2020-12-23 10:2139,2020-12-23 10:3434,2020-12-23 10:4925,2020-12-23 11:0320,2020-12-23 11:2011,2020-12-23 11:3406,2020-12-23 11:4759,2020-12-23 12:0453,2020-12-23 12:2244,2020-12-23 12:3937,2020-12-23 13:0426,2020-12-23 13:1920,2020-12-23 13:4212,2020-12-23 14:0205,2020-12-23 14:2155,2020-12-23 14:4147,2020-12-23 14:5841,2020-12-23 15:2036,2020-12-23 15:3727,2020-12-23 15:5223,2020-12-23 16:0518,2020-12-23 16:1914,2020-12-23 16:3607,2020-12-23 16:5100,2020-12-23 17:0554,2020-12-23 17:2348,2020-12-23 17:3345,2020-12-23 17:4440,2020-12-23 17:5139,2020-12-23 18:0235,2020-12-23 18:1232,2020-12-23 18:2427,2020-12-23 18:4222,2020-12-23 18:5516,2020-12-23 19:0613,2020-12-23 19:2108,2020-12-23 19:3606,2020-12-23 19:4800,2020-12-23 20:0551,2020-12-23 20:1748,2020-12-23 20:3942,2020-12-23 21:0332,2020-12-23 21:2125,2020-12-23 21:3919,2020-12-23 21:5813,2020-12-23 22:2107,2020-12-23 22:4158,2020-12-23 23:0550,2020-12-23 23:3042
2020-12-23 05:1904,2020-12-23 05:3758,2020-12-23 05:5947,2020-12-23 06:1938,2020-12-23 06:3532,2020-12-23 06:4429,2020-12-23 07:0223,2020-12-23 07:0521,2020-12-23 07:1416,2020-12-23 07:2413,2020-12-23 07:3508,2020-12-23 07:4106,2020-12-23 07:4959,2020-12-23 08:0154,2020-12-23 08:1051,2020-12-23 08:2343,2020-12-23 08:2642,2020-12-23 08:3735,2020-12-23 08:5129,2020-12-23 08:5525,2020-12-23 09:1017,2020-12-23 09:2210,2020-12-23 09:3701,2020-12-23 09:5155,2020-12-23 10:0746,2020-12-23 10:2238,2020-12-23 10:3533,2020-12-23 10:5124,2020-12-23 11:0419,2020-12-23 11:2110,2020-12-23 11:3505,2020-12-23 11:4958,2020-12-23 12:0553,2020-12-23 12:2343,2020-12-23 12:4037,2020-12-23 13:0526,2020-12-23 13:2020,2020-12-23 13:4412,2020-12-23 14:0305,2020-12-23 14:2255,2020-12-23 14:4247,2020-12-23 14:5941,2020-12-23 15:2234,2020-12-23 15:3927,2020-12-23 15:5322,2020-12-23 16:0618,2020-12-23 16:2013,2020-12-23 16:3806,2020-12-23 16:5258,2020-12-23 17:0754,2020-12-23 17:2547,2020-12-23 17:3544,2020-12-23 17:4640,2020-12-23 17:5238,2020-12-23 18:0435,2020-12-23 18:1331,2020-12-23 18:2626,2020-12-23 18:4321,2020-12-23 18:5616,2020-12-23 19:0813,2020-12-23 19:2208,2020-12-23 19:3805,2020-12-23 19:4900,2020-12-23 20:0751,2020-12-23 20:1947,2020-12-23 20:4042,2020-12-23 21:0431,2020-12-23 21:2324,2020-12-23 21:4118,2020-12-23 22:0013,2020-12-23 22:2307,2020-12-23 22:4258,2020-12-23 23:0750,2020-12-23 23:3241
2020-12-23 05:2004,2020-12-23 05:3857,2020-12-23 06:0047,2020-12-23 06:2038,2020-12-23 06:3731,2020-12-23 06:4728,2020-12-23 07:0620,2020-12-23 07:0819,2020-12-23 07:1615,2020-12-23 07:2712,2020-12-23 07:3707,2020-12-23 07:4304,2020-12-23 07:5258,2020-12-23 08:0353,2020-12-23 08:1150,2020-12-23 08:2443,2020-12-23 08:2841,2020-12-23 08:3935,2020-12-23 08:5228,2020-12-23 08:5724,2020-12-23 09:1215,2020-12-23 09:2409,2020-12-23 09:3900,2020-12-23 09:5353,2020-12-23 10:0846,2020-12-23 10:2438,2020-12-23 10:3731,2020-12-23 10:5223,2020-12-23 11:0618,2020-12-23 11:2210,2020-12-23 11:3703,2020-12-23 11:5058,2020-12-23 12:0751,2020-12-23 12:2542,2020-12-23 12:4236,2020-12-23 13:0725,2020-12-23 13:2220,2020-12-23 13:4512,2020-12-23 14:0404,2020-12-23 14:2454,2020-12-23 14:4446,2020-12-23 15:0141,2020-12-23 15:2334,2020-12-23 15:4027,2020-12-23 15:5522,2020-12-23 16:0817,2020-12-23 16:2113,2020-12-23 16:3906,2020-12-23 16:5357,2020-12-23 17:0953,2020-12-23 17:2647,2020-12-23 17:3744,2020-12-23 17:4839,2020-12-23 17:5537,2020-12-23 18:0635,2020-12-23 18:1630,2020-12-23 18:2726,2020-12-23 18:4520,2020-12-23 18:5816,2020-12-23 19:1013,2020-12-23 19:2408,2020-12-23 19:3905,2020-12-23 19:5058,2020-12-23 20:0949,2020-12-23 20:2147,2020-12-23 20:4241,2020-12-23 21:0629,2020-12-23 21:2424,2020-12-23 21:4218,2020-12-23 22:0112,2020-12-23 22:2406,2020-12-23 22:4457,2020-12-23 23:0850,2020-12-23 23:3341
2020-12-23 05:2203,2020-12-23 05:4056,2020-12-23 06:0246,2020-12-23 06:2337,2020-12-23 06:4030,2020-12-23 06:5128,2020-12-23 07:0919,2020-12-23 07:1118,2020-12-23 07:1914,2020-12-23 07:3010,2020-12-23 07:3906,2020-12-23 07:4503,2020-12-23 07:5557,2020-12-23 08:0653,2020-12-23 08:1447,2020-12-23 08:2741,2020-12-23 08:3040,2020-12-23 08:4134,2020-12-23 08:5525,2020-12-23 08:5923,2020-12-23 09:1414,2020-12-23 09:2608,2020-12-23 09:4000,2020-12-23 09:5552,2020-12-23 10:1144,2020-12-23 10:2638,2020-12-23 10:3931,2020-12-23 10:5423,2020-12-23 11:0817,2020-12-23 11:2410,2020-12-23 11:3903,2020-12-23 11:5257,2020-12-23 12:0950,2020-12-23 12:2742,2020-12-23 12:4436,2020-12-23 13:0925,2020-12-23 13:2419,2020-12-23 13:4711,2020-12-23 14:0602,2020-12-23 14:2653,2020-12-23 14:4546,2020-12-23 15:0340,2020-12-23 15:2533,2020-12-23 15:4227,2020-12-23 15:5721,2020-12-23 16:1017,2020-12-23 16:2313,2020-12-23 16:4205,2020-12-23 16:5657,2020-12-23 17:1251,2020-12-23 17:2946,2020-12-23 17:4043,2020-12-23 17:5139,2020-12-23 17:5737,2020-12-23 18:0934,2020-12-23 18:1929,2020-12-23 18:3025,2020-12-23 18:4819,2020-12-23 19:0115,2020-12-23 19:1312,2020-12-23 19:2707,2020-12-23 19:4205,2020-12-23 19:5257,2020-12-23 20:1149,2020-12-23 20:2346,2020-12-23 20:4440,2020-12-23 21:0828,2020-12-23 21:2624,2020-12-23 21:4418,2020-12-23 22:0312,2020-12-23 22:2605,2020-12-23 22:4656,2020-12-23 23:1049,2020-12-23 23:3540
2020-12-23 05:2403,2020-12-23 05:4255,2020-12-23 06:0445,2020-12-23 06:2437,2020-12-23 06:4329,2020-12-23 06:5426,2020-12-23 07:1118,2020-12-23 07:1416,2020-12-23 07:2113,2020-12-23 07:3209,2020-12-23 07:4106,2020-12-23 07:4702,2020-12-23 07:5756,2020-12-23 08:0852,2020-12-23 08:1646,2020-12-23 08:2941,2020-12-23 08:3238,2020-12-23 08:4333,2020-12-23 08:5724,2020-12-23 09:0122,2020-12-23 09:1613,2020-12-23 09:2806,2020-12-23 09:4158,2020-12-23 09:5652,2020-12-23 10:1342,2020-12-23 10:2837,2020-12-23 10:4129,2020-12-23 10:5622,2020-12-23 11:1015,2020-12-23 11:2608,2020-12-23 11:4102,2020-12-23 11:5457,2020-12-23 12:1050,2020-12-23 12:2942,2020-12-23 12:4735,2020-12-23 13:1124,2020-12-23 13:2519,2020-12-23 13:4910,2020-12-23 14:0801,2020-12-23 14:2851,2020-12-23 14:4745,2020-12-23 15:0440,2020-12-23 15:2732,2020-12-23 15:4426,2020-12-23 15:5921,2020-12-23 16:1216,2020-12-23 16:2512,2020-12-23 16:4403,2020-12-23 16:5856,2020-12-23 17:1451,2020-12-23 17:3245,2020-12-23 17:4341,2020-12-23 17:5537,2020-12-23 18:0136,2020-12-23 18:1132,2020-12-23 18:2228,2020-12-23 18:3324,2020-12-23 18:5217,2020-12-23 19:0613,2020-12-23 19:1710,2020-12-23 19:3007,2020-12-23 19:4602,2020-12-23 19:5655,2020-12-23 20:1448,2020-12-23 20:2545,2020-12-23 20:4639,2020-12-23 21:1027,2020-12-23 21:2823,2020-12-23 21:4617,2020-12-23 22:0511,2020-12-23 22:2705,2020-12-23 22:4755,2020-12-23 23:1149,2020-12-23 23:3739
2020-12-23 05:2502,2020-12-23 05:4454,2020-12-23 06:0644,2020-12-23 06:2636,2020-12-23 06:4529,2020-12-23 06:5626,2020-12-23 07:1416,2020-12-23 07:1615,2020-12-23 07:2413,2020-12-23 07:3409,2020-12-23 07:4304,2020-12-23 07:4900,2020-12-23 07:5955,2020-12-23 08:1051,2020-12-23 08:1846,2020-12-23 08:3238,2020-12-23 08:3536,2020-12-23 08:4432,2020-12-23 08:5823,2020-12-23 09:0321,2020-12-23 09:1713,2020-12-23 09:2905,2020-12-23 09:4357,2020-12-23 09:5851,2020-12-23 10:1541,2020-12-23 10:3036,2020-12-23 10:4328,2020-12-23 10:5822,2020-12-23 11:1215,2020-12-23 11:2808,2020-12-23 11:4301,2020-12-23 11:5657,2020-12-23 12:1249,2020-12-23 12:3141,2020-12-23 12:4833,2020-12-23 13:1323,2020-12-23 13:2718,2020-12-23 13:5109,2020-12-23 14:0900,2020-12-23 14:3051,2020-12-23 14:4945,2020-12-23 15:0838,2020-12-23 15:3129,2020-12-23 15:4725,2020-12-23 16:0220,2020-12-23 16:1614,2020-12-23 16:2910,2020-12-23 16:4900,2020-12-23 17:0454,2020-12-23 17:1950,2020-12-23 17:3744,2020-12-23 17:4739,2020-12-23 17:5936,2020-12-23 18:0734,2020-12-23 18:1531,2020-12-23 18:2726,2020-12-23 18:3723,2020-12-23 18:5716,2020-12-23 19:1013,2020-12-23 19:2208,2020-12-23 19:3606,2020-12-23 19:5058,2020-12-23 19:5954,2020-12-23 20:1847,2020-12-23 20:2845,2020-12-23 20:5037,2020-12-23 21:1327,2020-12-23 21:3023,2020-12-23 21:4817,2020-12-23 22:0710,2020-12-23 22:2905,2020-12-23 22:4955,2020-12-23 23:1348,2020-12-23 23:3939
2020-12-23 05:2801,2020-12-23 05:4653,2020-12-23 06:0843,2020-12-23 06:3034,2020-12-23 06:4728,2020-12-23 06:5825,2020-12-23 07:1615,2020-12-23 07:1914,2020-12-23 07:2712,2020-12-23 07:3807,2020-12-23 07:4801,2020-12-23 07:5457,2020-12-23 08:0453,2020-12-23 08:1547,2020-12-23 08:2244,2020-12-23 08:3636,2020-12-23 08:4034,2020-12-23 08:4730,2020-12-23 09:0122,2020-12-23 09:0719,2020-12-23 09:2110,2020-12-23 09:3204,2020-12-23 09:4557,2020-12-23 10:0348,2020-12-23 10:1741,2020-12-23 10:3434,2020-12-23 10:4527,2020-12-23 11:0320,2020-12-23 11:1414,2020-12-23 11:3206,2020-12-23 11:4600,2020-12-23 11:5956,2020-12-23 12:1647,2020-12-23 12:3838,2020-12-23 12:5133,2020-12-23 13:1621,2020-12-23 13:3017,2020-12-23 13:5408,2020-12-23 14:1158,2020-12-23 14:3349,2020-12-23 14:5343,2020-12-23 15:1138,2020-12-23 15:3527,2020-12-23 15:5023,2020-12-23 16:0418,2020-12-23 16:1814,2020-12-23 16:3209,2020-12-23 16:5258,2020-12-23 17:0654,2020-12-23 17:2447,2020-12-23 17:4142,2020-12-23 17:5238,2020-12-23 18:0335,2020-12-23 18:1331,2020-12-23 18:2029,2020-12-23 18:3424,2020-12-23 18:4222,2020-12-23 19:0315,2020-12-23 19:2009,2020-12-23 19:3106,2020-12-23 19:4800,2020-12-23 19:5854,2020-12-23 20:0551,2020-12-23 20:2247,,2020-12-23 20:5436,2020-12-23 21:1526,2020-12-23 21:3322,2020-12-23 21:5016,2020-12-23 22:1009,2020-12-23 22:3104,,2020-12-23 23:1547,2020-12-23 23:4338
2020-12-23 05:2901,2020-12-23 05:4753,2020-12-23 06:0943,2020-12-23 06:3133,2020-12-23 06:4928,2020-12-23 06:5925,2020-12-23 07:1715,2020-12-23 07:2014,2020-12-23 07:2812,2020-12-23 07:3906,2020-12-23 07:4900,2020-12-23 07:5557,2020-12-23 08:0553,2020-12-23 08:1646,2020-12-23 08:2343,2020-12-23 08:3735,2020-12-23 08:4233,2020-12-23 08:4830,2020-12-23 09:0222,2020-12-23 09:0917,2020-12-23 09:2309,2020-12-23 09:3303,2020-12-23 09:4656,2020-12-23 10:0447,2020-12-23 10:1841,2020-12-23 10:3632,2020-12-23 10:4726,2020-12-23 11:0419,2020-12-23 11:1513,2020-12-23 11:3306,2020-12-23 11:4700,2020-12-23 12:0054,2020-12-23 12:1746,2020-12-23 12:3937,2020-12-23 12:5232,2020-12-23 13:1721,2020-12-23 13:3117,2020-12-23 13:5508,2020-12-23 14:1358,2020-12-23 14:3449,2020-12-23 14:5543,2020-12-23 15:1238,2020-12-23 15:3727,2020-12-23 15:5223,2020-12-23 16:0618,2020-12-23 16:2013,2020-12-23 16:3308,2020-12-23 16:5357,2020-12-23 17:0853,2020-12-23 17:2547,2020-12-23 17:4242,2020-12-23 17:5338,2020-12-23 18:0435,2020-12-23 18:1431,2020-12-23 18:2228,2020-12-23 18:3623,2020-12-23 18:4321,2020-12-23 19:0414,2020-12-23 19:2108,2020-12-23 19:3206,2020-12-23 19:4900,2020-12-23 19:5954,2020-12-23 20:0751,2020-12-23 20:2346,2020-12-23 20:3343,2020-12-23 20:5536,2020-12-23 21:1626,2020-12-23 21:3422,2020-12-23 21:5116,2020-12-23 22:1109,2020-12-23 22:3204,2020-12-23 22:5255,2020-12-23 23:1647,2020-12-23 23:4437
2020-12-23 05:3000,2020-12-23 05:4951,2020-12-23 06:1142,2020-12-23 06:3333,2020-12-23 06:5128,2020-12-23 07:0223,2020-12-23 07:1914,2020-12-23 07:2313,2020-12-23 07:3110,2020-12-23 07:4106,2020-12-23 07:5258,2020-12-23 07:5856,2020-12-23 08:0852,2020-12-23 08:1945,2020-12-23 08:2543,2020-12-23 08:3935,2020-12-23 08:4432,2020-12-23 08:5129,2020-12-23 09:0420,2020-12-23 09:1116,2020-12-23 09:2508,2020-12-23 09:3602,2020-12-23 09:4856,2020-12-23 10:0646,2020-12-23 10:2039,2020-12-23 10:3831,2020-12-23 10:4826,2020-12-23 11:0618,2020-12-23 11:1812,2020-12-23 11:3505,2020-12-23 11:4859,2020-12-23 12:0254,2020-12-23 12:2045,2020-12-23 12:4037,2020-12-23 12:5430,2020-12-23 13:1920,2020-12-23 13:3316,2020-12-23 13:5707,2020-12-23 14:1557,2020-12-23 14:3648,2020-12-23 14:5742,2020-12-23 15:1436,2020-12-23 15:3927,2020-12-23 15:5322,2020-12-23 16:0817,2020-12-23 16:2213,2020-12-23 16:3508,2020-12-23 16:5557,2020-12-23 17:1053,2020-12-23 17:2747,2020-12-23 17:4440,2020-12-23 17:5537,2020-12-23 18:0635,2020-12-23 18:1730,2020-12-23 18:2327,2020-12-23 18:3723,2020-12-23 18:4520,2020-12-23 19:0613,2020-12-23 19:2308,2020-12-23 19:3406,2020-12-23 19:5158,2020-12-23 20:0054,2020-12-23 20:0850,2020-12-23 20:2545,2020-12-23 20:3543,2020-12-23 20:5834,2020-12-23 21:1825,2020-12-23 21:3621,2020-12-23 21:5415,2020-12-23 22:1309,2020-12-23 22:3402,2020-12-23 22:5554,2020-12-23 23:1846,2020-12-23 23:4636
2020-12-23 05:3259,2020-12-23 05:5051,2020-12-23 06:1340,2020-12-23 06:3532,2020-12-23 06:5426,2020-12-23 07:0521,2020-12-23 07:2113,2020-12-23 07:2513,2020-12-23 07:3409,2020-12-23 07:4304,2020-12-23 07:5656,2020-12-23 08:0154,2020-12-23 08:1150,2020-12-23 08:2244,2020-12-23 08:2941,2020-12-23 08:4233,2020-12-23 08:4830,,2020-12-23 09:0818,2020-12-23 09:1315,2020-12-23 09:2806,2020-12-23 09:3900,2020-12-23 09:5254,2020-12-23 10:0846,2020-12-23 10:2338,2020-12-23 10:4129,2020-12-23 10:5124,2020-12-23 11:0817,2020-12-23 11:2110,,2020-12-23 11:5158,2020-12-23 12:0553,2020-12-23 12:2244,2020-12-23 12:4336,2020-12-23 12:5729,2020-12-23 13:2319,2020-12-23 13:3615,2020-12-23 14:0006,2020-12-23 14:1857,2020-12-23 14:4048,2020-12-23 14:5941,,2020-12-23 15:4227,2020-12-23 15:5721,2020-12-23 16:1116,2020-12-23 16:2512,2020-12-23 16:3906,,2020-12-23 17:1351,2020-12-23 17:2946,2020-12-23 17:4640,2020-12-23 17:5737,2020-12-23 18:0834,,2020-12-23 18:2726,2020-12-23 18:4222,2020-12-23 18:4918,2020-12-23 19:0913,2020-12-23 19:2508,2020-12-23 19:3705,2020-12-23 19:5455,2020-12-23 20:0253,2020-12-23 20:1149,2020-12-23 20:2745,2020-12-23 20:3942,2020-12-23 21:0132,2020-12-23 21:2125,2020-12-23 21:3919,2020-12-23 21:5515,2020-12-23 22:1608,2020-12-23 22:3601,2020-12-23 22:5654,2020-12-23 23:2045,2020-12-23 23:4835
2020-12-23 05:3458,2020-12-23 05:5250,2020-12-23 06:1639,2020-12-23 06:3632,2020-12-23 06:5626,2020-12-23 07:0720,2020-12-23 07:2213,2020-12-23 07:2812,2020-12-23 07:3707,2020-12-23 07:4503,2020-12-23 07:5856,2020-12-23 08:0254,2020-12-23 08:1348,2020-12-23 08:2443,2020-12-23 08:3040,2020-12-23 08:4432,2020-12-23 08:5129,2020-12-23 08:5625,2020-12-23 09:1017,2020-12-23 09:1613,2020-12-23 09:3006,2020-12-23 09:4059,2020-12-23 09:5552,2020-12-23 10:1044,2020-12-23 10:2638,2020-12-23 10:4328,2020-12-23 10:5323,2020-12-23 11:0916,2020-12-23 11:2310,2020-12-23 11:3903,2020-12-23 11:5257,2020-12-23 12:0851,2020-12-23 12:2443,2020-12-23 12:4535,2020-12-23 12:5828,2020-12-23 13:2519,2020-12-23 13:3914,2020-12-23 14:0305,2020-12-23 14:1956,2020-12-23 14:4247,2020-12-23 15:0041,2020-12-23 15:1736,2020-12-23 15:4426,2020-12-23 15:5821,2020-12-23 16:1316,2020-12-23 16:2712,2020-12-23 16:4006,2020-12-23 16:5856,2020-12-23 17:1550,2020-12-23 17:3146,2020-12-23 17:4839,2020-12-23 18:0036,2020-12-23 18:1132,2020-12-23 18:2029,2020-12-23 18:2825,2020-12-23 18:4321,2020-12-23 18:5117,2020-12-23 19:1112,2020-12-23 19:2608,2020-12-23 19:3805,2020-12-23 19:5655,2020-12-23 20:0452,2020-12-23 20:1349,2020-12-23 20:2845,2020-12-23 20:4142,2020-12-23 21:0232,2020-12-23 21:2324,2020-12-23 21:4218,2020-12-23 21:5813,2020-12-23 22:1708,2020-12-23 22:3800,2020-12-23 22:5953,2020-12-23 23:2245,2020-12-23 23:5035
2020-12-23 05:3657,2020-12-23 05:5449,2020-12-23 06:1839,2020-12-23 06:3930,2020-12-23 06:5825,2020-12-23 07:1018,2020-12-23 07:2513,2020-12-23 07:3010,2020-12-23 07:4006,2020-12-23 07:4801,2020-12-23 08:0154,2020-12-23 08:0752,2020-12-23 08:1646,2020-12-23 08:2741,2020-12-23 08:3238,2020-12-23 08:4730,2020-12-23 08:5228,2020-12-23 08:5823,2020-12-23 09:1315,2020-12-23 09:1812,2020-12-23 09:3204,2020-12-23 09:4357,2020-12-23 09:5751,2020-12-23 10:1342,2020-12-23 10:2937,2020-12-23 10:4527,2020-12-23 10:5622,2020-12-23 11:1215,2020-12-23 11:2608,2020-12-23 11:4202,2020-12-23 11:5657,2020-12-23 12:1050,2020-12-23 12:2642,2020-12-23 12:4735,2020-12-23 13:0127,2020-12-23 13:2817,2020-12-23 13:4113,2020-12-23 14:0503,2020-12-23 14:2354,2020-12-23 14:4546,2020-12-23 15:0340,2020-12-23 15:2234,2020-12-23 15:4625,2020-12-23 16:0020,2020-12-23 16:1614,2020-12-23 16:2910,2020-12-23 16:4205,2020-12-23 17:0355,2020-12-23 17:1750,2020-12-23 17:3444,2020-12-23 17:5139,2020-12-23 18:0335,2020-12-23 18:1431,2020-12-23 18:2327,2020-12-23 18:3124,2020-12-23 18:4520,2020-12-23 18:5516,2020-12-23 19:1510,2020-12-23 19:2907,2020-12-23 19:4205,2020-12-23 19:5854,2020-12-23 20:0751,2020-12-23 20:1648,2020-12-23 20:3044,2020-12-23 20:4440,2020-12-23 21:0431,2020-12-23 21:2524,2020-12-23 21:4418,2020-12-23 22:0013,2020-12-23 22:2107,2020-12-23 22:3958,2020-12-23 23:0152,2020-12-23 23:2444,2020-12-23 23:5235
2020-12-23 05:4056,2020-12-23 05:5748,2020-12-23 06:2237,2020-12-23 06:4030,2020-12-23 07:0322,2020-12-23 07:1218,2020-12-23 07:2812,2020-12-23 07:3608,2020-12-23 07:4404,2020-12-23 07:5158,2020-12-23 08:0553,2020-12-23 08:1051,2020-12-23 08:2145,2020-12-23 08:3139,2020-12-23 08:3735,2020-12-23 08:5029,2020-12-23 08:5625,2020-12-23 09:0420,2020-12-23 09:1713,2020-12-23 09:2309,2020-12-23 09:3801,2020-12-23 09:4756,2020-12-23 09:5950,2020-12-23 10:1641,2020-12-23 10:3335,2020-12-23 10:5025,2020-12-23 10:5922,2020-12-23 11:1612,2020-12-23 11:3106,2020-12-23 11:4500,2020-12-23 12:0054,2020-12-23 12:1547,2020-12-23 12:3042,2020-12-23 12:5232,2020-12-23 13:0625,2020-12-23 13:3216,2020-12-23 13:4611,2020-12-23 14:0900,2020-12-23 14:2851,2020-12-23 14:4945,2020-12-23 15:0838,2020-12-23 15:2533,2020-12-23 15:5223,2020-12-23 16:0518,2020-12-23 16:2213,2020-12-23 16:3806,2020-12-23 16:4701,2020-12-23 17:0754,2020-12-23 17:2547,2020-12-23 17:4242,2020-12-23 18:0036,2020-12-23 18:0934,2020-12-23 18:2128,2020-12-23 18:3025,2020-12-23 18:3822,2020-12-23 18:5316,2020-12-23 19:0215,2020-12-23 19:2108,2020-12-23 19:3506,2020-12-23 19:4800,2020-12-23 20:0452,2020-12-23 20:1349,2020-12-23 20:2147,2020-12-23 20:3543,2020-12-23 20:4937,2020-12-23 21:1027,2020-12-23 21:2923,2020-12-23 21:4917,2020-12-23 22:0411,2020-12-23 22:2307,2020-12-23 22:4258,2020-12-23 23:0550,2020-12-23 23:2843,2020-12-23 23:5633
2020-12-23 05:4255,2020-12-23 06:0147,2020-12-23 06:2636,2020-12-23 06:4628,2020-12-23 07:0720,2020-12-23 07:1715,2020-12-23 07:3309,2020-12-23 07:3906,2020-12-23 07:4900,2020-12-23 07:5557,2020-12-23 08:1051,2020-12-23 08:1348,2020-12-23 08:2941,2020-12-23 08:3735,2020-12-23 08:4233,2020-12-23 08:5823,2020-12-23 09:0420,2020-12-23 09:0818,2020-12-23 09:2110,2020-12-23 09:2707,2020-12-23 09:4258,2020-12-23 09:5254,2020-12-23 10:0547,2020-12-23 10:2338,2020-12-23 10:3831,2020-12-23 10:5523,2020-12-23 11:0519,2020-12-23 11:2210,2020-12-23 11:3604,2020-12-23 11:5058,2020-12-23 12:0354,2020-12-23 12:2045,2020-12-23 12:3340,2020-12-23 12:5828,2020-12-23 13:1024,2020-12-23 13:3715,2020-12-23 13:5209,2020-12-23 14:1258,2020-12-23 14:3349,2020-12-23 14:5443,2020-12-23 15:1436,2020-12-23 15:3229,2020-12-23 15:5921,2020-12-23 16:1316,2020-12-23 16:3109,2020-12-23 16:4800,2020-12-23 16:5159,2020-12-23 17:1351,2020-12-23 17:3046,2020-12-23 17:4939,2020-12-23 18:0934,2020-12-23 18:1531,2020-12-23 18:2925,2020-12-23 18:4022,2020-12-23 18:4918,2020-12-23 18:5916,2020-12-23 19:0913,2020-12-23 19:2608,2020-12-23 19:4005,2020-12-23 19:5257,2020-12-23 20:0949,2020-12-23 20:1847,2020-12-23 20:2645,2020-12-23 20:4042,2020-12-23 20:5237,2020-12-23 21:1227,2020-12-23 21:3422,2020-12-23 21:5316,2020-12-23 22:0909,2020-12-23 22:2905,2020-12-23 22:4556,2020-12-23 23:0850,2020-12-23 23:3142,2020-12-23 23:5933
2020-12-23 05:4454,2020-12-23 06:0445,,2020-12-23 06:5028,,2020-12-23 07:2014,2020-12-23 07:3508,2020-12-23 07:4205,2020-12-23 07:5058,2020-12-23 08:0055,,2020-12-23 08:1646,2020-12-23 08:3238,2020-12-23 08:4134,,,2020-12-23 09:0719,2020-12-23 09:1315,,2020-12-23 09:3303,2020-12-23 09:4457,2020-12-23 09:5453,,2020-12-23 10:2538,,2020-12-23 10:5822,2020-12-23 11:0717,,,,,,,2020-12-23 13:0127,2020-12-23 13:1323,2020-12-23 13:4014,,2020-12-23 14:1657,2020-12-23 14:3748,2020-12-23 14:5841,2020-12-23 15:1636,2020-12-23 15:3428,2020-12-23 16:0120,2020-12-23 16:1614,2020-12-23 16:3508,,,,2020-12-23 17:3444,2020-12-23 17:5437,2020-12-23 18:1132,,2020-12-23 18:3424,2020-12-23 18:4421,2020-12-23 18:5516,2020-12-23 19:0514,2020-12-23 19:1112,2020-12-23 19:2807,,2020-12-23 19:5455,,2020-12-23 20:2147,,,2020-12-23 20:5436,,2020-12-23 21:3721,2020-12-23 21:5515,2020-12-23 22:1109,2020-12-23 22:3104,2020-12-23 22:4755,,,
2020-12-23 05:4554,2020-12-23 06:0545,2020-12-23 06:3034,2020-12-23 06:5128,2020-12-23 07:1018,2020-12-23 07:2113,2020-12-23 07:3608,2020-12-23 07:4304,2020-12-23 07:5158,2020-12-23 08:0154,,2020-12-23 08:1945,2020-12-23 08:3337,2020-12-23 08:4233,,2020-12-23 09:0122,2020-12-23 09:0917,2020-12-23 09:1414,2020-12-23 09:2608,2020-12-23 09:3402,2020-12-23 09:4557,2020-12-23 09:5552,2020-12-23 10:0746,2020-12-23 10:2738,2020-12-23 10:4030,2020-12-23 11:0021,2020-12-23 11:0817,2020-12-23 11:2608,2020-12-23 11:3802,2020-12-23 11:5257,2020-12-23 12:0751,2020-12-23 12:2244,2020-12-23 12:3738,2020-12-23 13:0227,2020-12-23 13:1522,2020-12-23 13:4212,2020-12-23 13:5607,2020-12-23 14:1757,2020-12-23 14:3948,2020-12-23 15:0041,2020-12-23 15:1836,2020-12-23 15:3627,2020-12-23 16:0220,2020-12-23 16:1714,2020-12-23 16:3607,2020-12-23 16:5000,2020-12-23 16:5557,2020-12-23 17:1750,2020-12-23 17:3544,2020-12-23 17:5537,2020-12-23 18:1232,2020-12-23 18:2128,2020-12-23 18:3523,2020-12-23 18:4520,2020-12-23 18:5616,2020-12-23 19:0613,2020-12-23 19:1312,2020-12-23 19:2907,2020-12-23 19:4502,2020-12-23 19:5555,2020-12-23 20:1448,2020-12-23 20:2247,2020-12-23 20:3144,2020-12-23 20:4440,2020-12-23 20:5536,2020-12-23 21:1626,2020-12-23 21:3820,2020-12-23 21:5614,2020-12-23 22:1209,2020-12-23 22:3204,2020-12-23 22:4855,2020-12-23 23:1049,2020-12-23 23:3341,2020-12-24 00:0232
2020-12-23 05:4653,2020-12-23 06:0644,2020-12-23 06:3233,2020-12-23 06:5327,2020-12-23 07:1218,2020-12-23 07:2213,2020-12-23 07:3707,2020-12-23 07:4503,2020-12-23 07:5358,2020-12-23 08:0254,,2020-12-23 08:2145,2020-12-23 08:3536,2020-12-23 08:4432,,2020-12-23 09:0321,2020-12-23 09:1017,2020-12-23 09:1613,2020-12-23 09:2806,2020-12-23 09:3502,2020-12-23 09:4756,2020-12-23 09:5751,2020-12-23 10:0945,2020-12-23 10:2837,2020-12-23 10:4328,2020-12-23 11:0121,2020-12-23 11:1015,2020-12-23 11:2808,2020-12-23 11:4002,2020-12-23 11:5457,2020-12-23 12:0950,2020-12-23 12:2443,2020-12-23 12:3937,2020-12-23 13:0426,2020-12-23 13:1621,2020-12-23 13:4412,2020-12-23 13:5807,2020-12-23 14:1956,2020-12-23 14:4048,2020-12-23 15:0141,2020-12-23 15:1936,2020-12-23 15:3727,2020-12-23 16:0319,2020-12-23 16:1914,2020-12-23 16:3806,2020-12-23 16:5159,2020-12-23 17:0155,2020-12-23 17:1950,2020-12-23 17:3644,2020-12-23 17:5637,2020-12-23 18:1431,2020-12-23 18:2327,2020-12-23 18:3723,2020-12-23 18:4719,2020-12-23 18:5816,2020-12-23 19:0813,2020-12-23 19:1510,2020-12-23 19:3106,2020-12-23 19:4602,2020-12-23 19:5655,2020-12-23 20:1648,2020-12-23 20:2346,2020-12-23 20:3244,2020-12-23 20:4539,2020-12-23 20:5635,2020-12-23 21:1825,2020-12-23 21:3919,2020-12-23 21:5813,2020-12-23 22:1309,2020-12-23 22:3303,2020-12-23 22:4955,2020-12-23 23:1248,2020-12-23 23:3441,2020-12-24 00:0332
2020-12-23 05:4753,2020-12-23 06:0744,2020-12-23 06:3333,2020-12-23 06:5526,2020-12-23 07:1516,2020-12-23 07:2513,2020-12-23 07:3906,2020-12-23 07:4801,2020-12-23 07:5557,2020-12-23 08:0553,,2020-12-23 08:2443,2020-12-23 08:3835,2020-12-23 08:2941,,2020-12-23 08:4830,2020-12-23 09:1315,2020-12-23 09:1911,2020-12-23 09:3204,2020-12-23 09:3801,2020-12-23 09:4856,2020-12-23 10:0050,2020-12-23 10:1144,2020-12-23 10:3135,2020-12-23 10:4527,2020-12-23 11:0519,2020-12-23 11:1414,2020-12-23 11:3106,2020-12-23 11:4301,2020-12-23 11:5657,2020-12-23 12:1249,2020-12-23 12:2742,2020-12-23 12:4436,2020-12-23 13:0725,2020-12-23 13:1920,2020-12-23 13:4711,2020-12-23 14:0205,2020-12-23 14:2056,2020-12-23 14:4347,2020-12-23 15:0539,2020-12-23 15:2135,2020-12-23 15:4127,2020-12-23 16:0618,2020-12-23 16:2013,2020-12-23 16:4006,2020-12-23 16:5457,2020-12-23 17:0454,2020-12-23 17:2149,2020-12-23 17:3943,2020-12-23 18:0036,2020-12-23 18:1829,2020-12-23 18:2626,2020-12-23 18:4122,2020-12-23 18:4819,2020-12-23 19:0315,2020-12-23 19:1411,2020-12-23 19:2408,2020-12-23 19:3406,2020-12-23 19:4800,2020-12-23 19:5954,2020-12-23 20:1947,2020-12-23 20:2545,2020-12-23 20:3343,2020-12-23 20:4738,2020-12-23 21:0033,2020-12-23 21:2225,2020-12-23 21:4118,2020-12-23 21:5913,2020-12-23 22:1608,2020-12-23 22:3601,2020-12-23 22:5155,2020-12-23 23:1448,2020-12-23 23:3540,2020-12-24 00:0631
2020-12-23 05:5051,2020-12-23 06:0943,2020-12-23 06:3433,2020-12-23 06:5725,2020-12-23 07:1715,2020-12-23 07:2812,2020-12-23 07:4304,2020-12-23 07:5158,2020-12-23 07:5756,2020-12-23 08:0752,,2020-12-23 08:2642,2020-12-23 08:4134,2020-12-23 08:4929,,2020-12-23 09:0818,2020-12-23 09:1514,2020-12-23 09:2110,2020-12-23 09:3303,2020-12-23 09:4000,2020-12-23 09:5055,2020-12-23 10:0248,2020-12-23 10:1442,2020-12-23 10:3434,2020-12-23 10:4826,2020-12-23 11:0717,2020-12-23 11:1712,2020-12-23 11:3406,2020-12-23 11:4700,2020-12-23 11:5856,2020-12-23 12:1647,2020-12-23 12:3042,2020-12-23 12:4833,2020-12-23 13:1024,2020-12-23 13:2120,2020-12-23 13:5109,2020-12-23 14:0503,2020-12-23 14:2454,2020-12-23 14:4646,2020-12-23 15:0838,2020-12-23 15:2433,2020-12-23 15:4426,2020-12-23 16:0917,2020-12-23 16:2213,2020-12-23 16:4403,2020-12-23 16:5756,2020-12-23 17:0754,2020-12-23 17:2547,2020-12-23 17:4242,2020-12-23 18:0235,2020-12-23 18:2228,2020-12-23 18:3025,2020-12-23 18:4321,2020-12-23 18:5416,2020-12-23 19:0713,2020-12-23 19:1909,2020-12-23 19:2907,2020-12-23 19:3606,2020-12-23 19:4959,2020-12-23 20:0153,2020-12-23 20:2247,2020-12-23 20:2845,2020-12-23 20:3543,2020-12-23 20:4937,2020-12-23 21:0232,2020-12-23 21:2424,2020-12-23 21:4418,2020-12-23 22:0212,2020-12-23 22:1708,2020-12-23 22:3701,2020-12-23 22:5255,2020-12-23 23:1647,2020-12-23 23:3739,2020-12-24 00:0831
2020-12-23 05:5250,2020-12-23 06:1142,2020-12-23 06:3731,2020-12-23 06:5925,2020-12-23 07:2014,2020-12-23 07:3110,2020-12-23 07:4503,2020-12-23 07:5457,2020-12-23 08:0055,2020-12-23 08:1051,,2020-12-23 08:2941,2020-12-23 08:4333,2020-12-23 08:5129,,2020-12-23 09:1116,2020-12-23 09:1713,2020-12-23 09:2309,2020-12-23 09:3602,2020-12-23 09:4258,2020-12-23 09:5353,2020-12-23 10:0547,2020-12-23 10:1741,2020-12-23 10:3632,2020-12-23 10:5223,2020-12-23 11:1115,2020-12-23 11:2011,2020-12-23 11:4002,2020-12-23 11:5158,2020-12-23 12:0354,2020-12-23 12:1946,2020-12-23 12:3440,2020-12-23 12:5232,2020-12-23 13:1422,2020-12-23 13:2618,2020-12-23 13:5408,2020-12-23 14:0801,2020-12-23 14:2951,2020-12-23 14:4945,2020-12-23 15:1138,2020-12-23 15:2930,2020-12-23 15:5123,2020-12-23 16:1614,2020-12-23 16:2910,2020-12-23 16:4800,2020-12-23 17:0255,2020-12-23 17:1451,2020-12-23 17:3345,2020-12-23 17:4640,2020-12-23 18:0535,2020-12-23 18:2726,2020-12-23 18:3723,2020-12-23 18:5316,2020-12-23 19:0016,2020-12-23 19:1112,2020-12-23 19:2108,2020-12-23 19:3206,2020-12-23 19:3905,2020-12-23 19:5158,2020-12-23 20:0551,2020-12-23 20:2545,2020-12-23 20:3244,2020-12-23 20:3942,2020-12-23 20:5137,2020-12-23 21:0629,2020-12-23 21:2723,2020-12-23 21:4617,2020-12-23 22:0511,2020-12-23 22:2007,2020-12-23 22:3859,2020-12-23 22:5554,2020-12-23 23:1846,2020-12-23 23:3939,2020-12-24 00:1230
,,2020-12-23 06:3930,2020-12-23 07:0123,2020-12-23 07:2213,2020-12-23 07:3309,2020-12-23 07:4702,2020-12-23 07:5656,2020-12-23 08:0254,2020-12-23 08:1249,,2020-12-23 08:3139,2020-12-23 08:4532,,,2020-12-23 09:1315,2020-12-23 09:1911,2020-12-23 09:2508,2020-12-23 09:3801,2020-12-23 09:4557,2020-12-23 09:5453,2020-12-23 10:0746,2020-12-23 10:1940,2020-12-23 10:3831,2020-12-23 10:5423,2020-12-23 11:1314,2020-12-23 11:2210,2020-12-23 11:4102,2020-12-23 11:5457,,2020-12-23 12:2145,2020-12-23 12:3539,2020-12-23 12:5430,,2020-12-23 13:2817,,2020-12-23 14:1000,2020-12-23 14:3051,2020-12-23 14:5144,2020-12-23 15:1337,2020-12-23 15:3129,2020-12-23 15:5322,2020-12-23 16:1814,2020-12-23 16:3109,2020-12-23 16:5000,2020-12-23 17:0554,2020-12-23 17:1651,2020-12-23 17:3744,2020-12-23 17:5039,2020-12-23 18:0734,,2020-12-23 18:4022,2020-12-23 18:5516,2020-12-23 19:0215,2020-12-23 19:1411,2020-12-23 19:2308,2020-12-23 19:3406,2020-12-23 19:4105,2020-12-23 19:5356,2020-12-23 20:0651,2020-12-23 20:2745,2020-12-23 20:3543,2020-12-23 20:4042,2020-12-23 20:5436,2020-12-23 21:0828,2020-12-23 21:3023,2020-12-23 21:4817,2020-12-23 22:0710,2020-12-23 22:2207,2020-12-23 22:4058,2020-12-23 22:5753,2020-12-23 23:2045,2020-12-23 23:4038,
2020-12-23 05:5449,2020-12-23 06:1340,2020-12-23 06:4030,2020-12-23 07:0223,2020-12-23 07:2313,2020-12-23 07:3409,2020-12-23 07:4801,2020-12-23 07:5756,2020-12-23 08:0353,2020-12-23 08:1348,,2020-12-23 08:3238,2020-12-23 08:4631,2020-12-23 08:5426,,2020-12-23 09:1414,2020-12-23 09:2011,2020-12-23 09:2608,2020-12-23 09:3900,2020-12-23 09:4656,2020-12-23 09:5552,2020-12-23 10:0846,2020-12-23 10:2139,2020-12-23 10:3931,2020-12-23 10:5523,2020-12-23 11:1414,2020-12-23 11:2310,2020-12-23 11:4202,2020-12-23 11:5557,2020-12-23 12:0652,2020-12-23 12:2244,2020-12-23 12:3638,2020-12-23 12:5530,2020-12-23 13:1621,2020-12-23 13:2917,2020-12-23 13:5607,2020-12-23 14:1158,2020-12-23 14:3250,2020-12-23 14:5543,2020-12-23 15:1436,2020-12-23 15:3229,2020-12-23 15:5422,2020-12-23 16:1914,2020-12-23 16:3408,2020-12-23 16:5357,2020-12-23 17:0853,2020-12-23 17:1950,2020-12-23 17:4043,2020-12-23 17:5338,2020-12-23 18:0834,2020-12-23 18:3025,2020-12-23 18:4122,2020-12-23 18:5616,2020-12-23 19:0315,2020-12-23 19:1510,2020-12-23 19:2508,2020-12-23 19:3506,2020-12-23 19:4205,2020-12-23 19:5455,2020-12-23 20:0751,2020-12-23 20:2845,2020-12-23 20:3643,2020-12-23 20:4142,2020-12-23 20:5536,2020-12-23 21:0927,2020-12-23 21:3222,2020-12-23 21:4917,2020-12-23 22:0810,2020-12-23 22:2307,2020-12-23 22:4158,2020-12-23 22:5853,2020-12-23 23:2145,2020-12-23 23:4138,2020-12-24 00:1430
2020-12-23 05:5748,2020-12-23 06:1639,2020-12-23 06:4529,2020-12-23 07:0620,2020-12-23 07:2712,2020-12-23 07:3807,2020-12-23 07:5158,2020-12-23 08:0154,2020-12-23 08:0553,2020-12-23 08:1646,,2020-12-23 08:3735,2020-12-23 08:5129,2020-12-23 08:5823,,2020-12-23 09:1911,2020-12-23 09:2309,2020-12-23 09:2905,2020-12-23 09:4357,2020-12-23 09:5055,2020-12-23 10:0149,2020-12-23 10:1144,2020-12-23 10:2538,2020-12-23 10:4328,2020-12-23 10:5822,2020-12-23 11:1812,2020-12-23 11:2608,2020-12-23 11:4700,2020-12-23 11:5956,2020-12-23 12:1050,2020-12-23 12:2542,2020-12-23 12:3838,2020-12-23 12:5928,2020-12-23 13:2020,2020-12-23 13:3515,2020-12-23 14:0006,2020-12-23 14:1358,2020-12-23 14:3748,2020-12-23 14:5941,2020-12-23 15:2036,2020-12-23 15:3727,2020-12-23 15:5821,2020-12-23 16:2412,2020-12-23 16:3806,2020-12-23 16:5856,2020-12-23 17:1550,2020-12-23 17:2747,2020-12-23 17:4839,2020-12-23 18:0136,2020-12-23 18:1331,2020-12-23 18:3723,2020-12-23 18:4719,2020-12-23 19:0016,2020-12-23 19:0713,2020-12-23 19:2108,2020-12-23 19:2907,2020-12-23 19:3905,2020-12-23 19:4602,2020-12-23 19:5954,2020-12-23 20:1049,2020-12-23 20:3144,2020-12-23 20:3842,2020-12-23 20:4539,2020-12-23 20:5934,2020-12-23 21:1427,2020-12-23 21:3721,2020-12-23 21:5316,2020-12-23 22:1209,2020-12-23 22:2705,2020-12-23 22:4457,2020-12-23 23:0252,2020-12-23 23:2444,2020-12-23 23:4437,2020-12-24 00:1928
2020-12-23 05:5947,2020-12-23 06:1839,2020-12-23 06:4728,2020-12-23 07:0819,2020-12-23 07:2911,2020-12-23 07:4006,2020-12-23 07:5358,2020-12-23 08:0353,2020-12-23 08:0752,2020-12-23 08:1846,,2020-12-23 08:3935,2020-12-23 08:5228,2020-12-23 09:0022,,2020-12-23 09:2110,2020-12-23 09:2508,2020-12-23 09:3105,2020-12-23 09:4557,2020-12-23 09:5254,2020-12-23 10:0248,2020-12-23 10:1342,2020-12-23 10:2738,2020-12-23 10:4428,2020-12-23 10:5922,2020-12-23 11:2011,2020-12-23 11:2808,2020-12-23 11:4759,2020-12-23 12:0154,2020-12-23 12:1249,2020-12-23 12:2742,2020-12-23 12:4136,2020-12-23 13:0127,2020-12-23 13:2220,2020-12-23 13:3715,2020-12-23 14:0205,2020-12-23 14:1657,2020-12-23 14:3948,2020-12-23 15:0041,2020-12-23 15:2234,2020-12-23 15:3927,2020-12-23 16:0220,2020-12-23 16:2811,2020-12-23 16:4006,2020-12-23 17:0155,2020-12-23 17:1850,2020-12-23 17:2946,2020-12-23 17:5139,2020-12-23 18:0435,2020-12-23 18:1630,2020-12-23 18:3922,2020-12-23 18:4918,2020-12-23 19:0315,2020-12-23 19:1013,2020-12-23 19:2408,2020-12-23 19:3106,2020-12-23 19:4105,2020-12-23 19:4900,2020-12-23 20:0054,2020-12-23 20:1249,2020-12-23 20:3343,2020-12-23 20:4042,2020-12-23 20:4738,2020-12-23 21:0232,2020-12-23 21:1725,2020-12-23 21:4019,2020-12-23 21:5614,2020-12-23 22:1408,2020-12-23 22:2905,2020-12-23 22:4656,2020-12-23 23:0451,2020-12-23 23:2644,2020-12-23 23:4636,2020-12-24 00:2127
2020-12-23 06:0147,2020-12-23 06:2038,2020-12-23 06:5028,2020-12-23 07:1018,2020-12-23 07:3110,2020-12-23 07:4205,2020-12-23 07:5557,2020-12-23 08:0553,2020-12-23 08:0952,2020-12-23 08:2045,,2020-12-23 08:4134,2020-12-23 08:5426,2020-12-23 09:0222,,2020-12-23 09:2309,2020-12-23 09:2707,2020-12-23 09:3402,2020-12-23 09:4656,2020-12-23 09:5353,2020-12-23 10:0447,2020-12-23 10:1541,2020-12-23 10:2937,2020-12-23 10:4626,2020-12-23 11:0121,2020-12-23 11:2210,2020-12-23 11:3007,2020-12-23 11:4958,2020-12-23 12:0354,2020-12-23 12:1448,2020-12-23 12:2842,2020-12-23 12:4236,2020-12-23 13:0326,2020-12-23 13:2419,2020-12-23 13:3914,2020-12-23 14:0404,2020-12-23 14:1857,2020-12-23 14:4147,2020-12-23 15:0240,2020-12-23 15:2334,2020-12-23 15:4127,2020-12-23 16:0319,2020-12-23 16:3010,2020-12-23 16:4205,2020-12-23 17:0255,2020-12-23 17:1950,2020-12-23 17:3146,2020-12-23 17:5338,2020-12-23 18:0635,2020-12-23 18:1829,2020-12-23 18:4022,2020-12-23 18:5117,2020-12-23 19:0514,2020-12-23 19:1312,2020-12-23 19:2608,2020-12-23 19:3306,2020-12-23 19:4403,2020-12-23 19:5158,2020-12-23 20:0253,2020-12-23 20:1448,2020-12-23 20:3543,2020-12-23 20:4241,2020-12-23 20:4937,2020-12-23 21:0629,2020-12-23 21:2025,2020-12-23 21:4318,2020-12-23 21:5813,2020-12-23 22:1608,2020-12-23 22:3104,2020-12-23 22:4855,2020-12-23 23:0650,2020-12-23 23:2843,2020-12-23 23:4835,2020-12-24 00:2326
2020-12-23 06:0246,2020-12-23 06:2237,2020-12-23 06:5327,2020-12-23 07:1218,2020-12-23 07:3309,2020-12-23 07:4404,2020-12-23 07:5756,2020-12-23 08:0653,2020-12-23 08:1150,2020-12-23 08:2145,,2020-12-23 08:4233,2020-12-23 08:5625,2020-12-23 09:0420,,2020-12-23 09:2409,2020-12-23 09:2806,2020-12-23 09:3602,2020-12-23 09:4856,2020-12-23 09:5552,2020-12-23 10:0646,2020-12-23 10:1741,2020-12-23 10:3135,2020-12-23 10:4726,2020-12-23 11:0320,2020-12-23 11:2310,2020-12-23 11:3206,2020-12-23 11:5158,2020-12-23 12:0453,2020-12-23 12:1547,2020-12-23 12:3042,2020-12-23 12:4436,2020-12-23 13:0526,2020-12-23 13:2618,2020-12-23 13:4113,2020-12-23 14:0602,2020-12-23 14:1956,2020-12-23 14:4347,2020-12-23 15:0440,2020-12-23 15:2533,2020-12-23 15:4326,2020-12-23 16:0518,2020-12-23 16:3109,2020-12-23 16:4403,2020-12-23 17:0454,2020-12-23 17:2149,2020-12-23 17:3345,2020-12-23 17:5437,2020-12-23 18:0834,2020-12-23 18:2029,2020-12-23 18:4222,2020-12-23 18:5316,2020-12-23 19:0613,2020-12-23 19:1510,2020-12-23 19:2807,2020-12-23 19:3506,2020-12-23 19:4502,2020-12-23 19:5356,2020-12-23 20:0452,2020-12-23 20:1648,2020-12-23 20:3743,2020-12-23 20:4340,2020-12-23 20:5137,2020-12-23 21:0828,2020-12-23 21:2324,2020-12-23 21:4517,2020-12-23 22:0013,2020-12-23 22:1808,2020-12-23 22:3303,2020-12-23 22:5055,2020-12-23 23:0750,2020-12-23 23:3042,2020-12-23 23:4935,2020-12-24 00:2425
2020-12-23 06:0445,2020-12-23 06:2437,2020-12-23 06:5426,2020-12-23 07:1317,2020-12-23 07:3508,2020-12-23 07:4503,2020-12-23 07:5856,2020-12-23 08:0852,2020-12-23 08:1348,2020-12-23 08:2343,,2020-12-23 08:4432,2020-12-23 08:5724,2020-12-23 09:0520,,2020-12-23 09:2608,2020-12-23 09:3006,2020-12-23 09:3701,2020-12-23 09:5055,2020-12-23 09:5652,2020-12-23 10:0746,2020-12-23 10:1841,2020-12-23 10:3235,2020-12-23 10:4925,2020-12-23 11:0419,2020-12-23 11:2509,2020-12-23 11:3306,2020-12-23 11:5257,2020-12-23 12:0652,2020-12-23 12:1746,2020-12-23 12:3241,2020-12-23 12:4635,2020-12-23 13:0625,2020-12-23 13:2718,2020-12-23 13:4212,2020-12-23 14:0702,2020-12-23 14:2155,2020-12-23 14:4446,2020-12-23 15:0539,2020-12-23 15:2632,2020-12-23 15:4426,2020-12-23 16:0718,2020-12-23 16:3308,2020-12-23 16:4503,2020-12-23 17:0654,2020-12-23 17:2348,2020-12-23 17:3444,2020-12-23 17:5637,2020-12-23 18:1033,2020-12-23 18:2228,2020-12-23 18:4421,2020-12-23 18:5516,2020-12-23 19:0813,2020-12-23 19:1610,2020-12-23 19:2907,2020-12-23 19:3705,2020-12-23 19:4701,2020-12-23 19:5555,2020-12-23 20:0551,2020-12-23 20:1847,2020-12-23 20:3942,2020-12-23 20:4539,2020-12-23 20:5237,2020-12-23 21:1027,2020-12-23 21:2424,2020-12-23 21:4717,2020-12-23 22:0112,2020-12-23 22:2007,2020-12-23 22:3402,2020-12-23 22:5155,2020-12-23 23:0950,2020-12-23 23:3142,2020-12-23 23:5135,2020-12-24 00:2624
2020-12-23 06:0545,2020-12-23 06:2536,2020-12-23 06:5626,2020-12-23 07:1516,2020-12-23 07:3608,2020-12-23 07:4602,2020-12-23 08:0055,2020-12-23 08:0952,2020-12-23 08:1447,2020-12-23 08:2443,,2020-12-23 08:4532,2020-12-23 08:5923,2020-12-23 09:0619,,2020-12-23 09:2707,2020-12-23 09:3105,2020-12-23 09:3801,2020-12-23 09:5155,2020-12-23 09:5851,2020-12-23 10:0945,2020-12-23 10:1940,2020-12-23 10:3335,2020-12-23 10:5025,2020-12-23 11:0519,2020-12-23 11:2608,2020-12-23 11:3406,2020-12-23 11:5457,2020-12-23 12:0751,2020-12-23 12:1846,2020-12-23 12:3340,2020-12-23 12:4735,2020-12-23 13:0725,2020-12-23 13:2917,2020-12-23 13:4312,2020-12-23 14:0801,2020-12-23 14:2255,2020-12-23 14:4646,2020-12-23 15:0639,2020-12-23 15:2831,2020-12-23 15:4526,2020-12-23 16:0817,2020-12-23 16:3408,2020-12-23 16:4701,2020-12-23 17:0754,2020-12-23 17:2447,2020-12-23 17:3644,2020-12-23 17:5737,2020-12-23 18:1132,2020-12-23 18:2327,2020-12-23 18:4520,2020-12-23 18:5616,2020-12-23 19:0913,2020-12-23 19:1710,2020-12-23 19:3007,2020-12-23 19:3905,2020-12-23 19:4800,2020-12-23 19:5755,2020-12-23 20:0651,2020-12-23 20:1947,2020-12-23 20:4042,2020-12-23 20:4639,2020-12-23 20:5337,2020-12-23 21:1127,2020-12-23 21:2524,2020-12-23 21:4817,2020-12-23 22:0312,2020-12-23 22:2107,2020-12-23 22:3601,2020-12-23 22:5354,2020-12-23 23:1049,2020-12-23 23:3241,2020-12-23 23:5235,2020-12-24 00:2723
2020-12-23 06:0744,2020-12-23 06:2735,2020-12-23 06:5825,2020-12-23 07:1715,2020-12-23 07:3807,2020-12-23 07:4801,2020-12-23 08:0154,2020-12-23 08:1150,2020-12-23 08:1646,2020-12-23 08:2642,,2020-12-23 08:4730,2020-12-23 09:0022,2020-12-23 09:0818,,2020-12-23 09:2905,2020-12-23 09:3303,2020-12-23 09:4000,2020-12-23 09:5353,2020-12-23 09:5950,2020-12-23 10:1144,2020-12-23 10:2139,2020-12-23 10:3533,2020-12-23 10:5223,2020-12-23 11:0717,2020-12-23 11:2808,2020-12-23 11:3604,2020-12-23 11:5557,2020-12-23 12:0950,2020-12-23 12:2045,2020-12-23 12:3539,2020-12-23 12:4933,2020-12-23 13:0925,2020-12-23 13:3117,2020-12-23 13:4512,2020-12-23 14:1000,2020-12-23 14:2454,2020-12-23 14:4845,2020-12-23 15:0838,2020-12-23 15:2930,2020-12-23 15:4725,2020-12-23 16:1017,2020-12-23 16:3607,2020-12-23 16:4900,2020-12-23 17:0953,2020-12-23 17:2647,2020-12-23 17:3744,2020-12-23 17:5936,2020-12-23 18:1431,2020-12-23 18:2626,2020-12-23 18:4719,2020-12-23 18:5816,2020-12-23 19:1112,2020-12-23 19:1909,2020-12-23 19:3206,2020-12-23 19:4105,2020-12-23 19:4959,2020-12-23 19:5954,2020-12-23 20:0850,2020-12-23 20:2147,2020-12-23 20:4241,2020-12-23 20:4838,2020-12-23 20:5536,2020-12-23 21:1327,2020-12-23 21:2723,2020-12-23 21:5016,2020-12-23 22:0511,2020-12-23 22:2307,2020-12-23 22:3800,2020-12-23 22:5554,2020-12-23 23:1149,2020-12-23 23:3441,2020-12-23 23:5434,2020-12-24 00:2922
2020-12-23 06:0943,2020-12-23 06:2934,2020-12-23 07:0024,2020-12-23 07:1914,2020-12-23 07:4006,2020-12-23 07:5058,2020-12-23 08:0353,2020-12-23 08:1348,2020-12-23 08:1846,2020-12-23 08:2841,,2020-12-23 08:5029,2020-12-23 09:0321,2020-12-23 09:1017,,2020-12-23 09:3105,2020-12-23 09:3502,2020-12-23 09:4158,2020-12-23 09:5552,2020-12-23 10:0248,2020-12-23 10:1243,2020-12-23 10:2338,2020-12-23 10:3731,2020-12-23 10:5423,2020-12-23 11:0916,2020-12-23 11:3007,2020-12-23 11:3802,2020-12-23 11:5756,2020-12-23 12:1149,2020-12-23 12:2244,2020-12-23 12:3738,2020-12-23 12:5133,2020-12-23 13:1124,2020-12-23 13:3316,2020-12-23 13:4711,2020-12-23 14:1158,2020-12-23 14:2653,2020-12-23 14:5044,2020-12-23 15:1038,2020-12-23 15:3129,2020-12-23 15:4924,2020-12-23 16:1216,2020-12-23 16:3806,2020-12-23 16:5100,2020-12-23 17:1152,2020-12-23 17:2946,2020-12-23 17:4043,2020-12-23 18:0235,2020-12-23 18:1630,2020-12-23 18:2925,2020-12-23 18:4918,2020-12-23 19:0115,2020-12-23 19:1411,2020-12-23 19:2408,2020-12-23 19:3506,2020-12-23 19:4403,2020-12-23 19:5257,2020-12-23 20:0253,2020-12-23 20:1149,2020-12-23 20:2446,2020-12-23 20:4440,2020-12-23 20:5037,2020-12-23 20:5735,2020-12-23 21:1526,2020-12-23 21:2923,2020-12-23 21:5316,2020-12-23 22:0710,2020-12-23 22:2605,2020-12-23 22:3958,2020-12-23 22:5853,2020-12-23 23:1348,2020-12-23 23:3640,2020-12-23 23:5633,2020-12-24 00:3121
2020-12-23 06:1142,,2020-12-23 07:0223,2020-12-23 07:2014,2020-12-23 07:4205,2020-12-23 07:5158,2020-12-23 08:0553,2020-12-23 08:1547,2020-12-23 08:2045,2020-12-23 08:3040,,2020-12-23 08:5228,2020-12-23 09:0420,2020-12-23 09:1215,,2020-12-23 09:3204,2020-12-23 09:3701,,2020-12-23 09:5751,2020-12-23 10:0348,2020-12-23 10:1442,2020-12-23 10:2538,2020-12-23 10:3931,2020-12-23 10:5622,,2020-12-23 11:3206,2020-12-23 11:4002,2020-12-23 11:5956,,2020-12-23 12:2443,2020-12-23 12:3838,2020-12-23 12:5232,,2020-12-23 13:3416,2020-12-23 13:4910,2020-12-23 14:1358,2020-12-23 14:2851,2020-12-23 14:5244,2020-12-23 15:1238,2020-12-23 15:3329,2020-12-23 15:5123,2020-12-23 16:1316,2020-12-23 16:4006,2020-12-23 16:5258,2020-12-23 17:1351,2020-12-23 17:3146,2020-12-23 17:4341,2020-12-23 18:0435,2020-12-23 18:1929,2020-12-23 18:3424,2020-12-23 18:5416,2020-12-23 19:0514,2020-12-23 19:1610,2020-12-23 19:2608,2020-12-23 19:3705,2020-12-23 19:4602,2020-12-23 19:5455,,2020-12-23 20:1349,2020-12-23 20:2545,2020-12-23 20:4639,2020-12-23 20:5237,2020-12-23 20:5934,2020-12-23 21:1725,2020-12-23 21:3123,2020-12-23 21:5515,2020-12-23 22:0909,2020-12-23 22:2805,2020-12-23 22:4158,,2020-12-23 23:1547,,2020-12-23 23:5733,
,2020-12-23 06:3133,2020-12-23 07:0322,,2020-12-23 07:4304,,2020-12-23 08:0653,,2020-12-23 08:2145,2020-12-23 08:3139,,2020-12-23 08:5327,,2020-12-23 09:1315,,2020-12-23 09:3303,2020-12-23 09:3801,2020-12-23 09:4357,,2020-12-23 10:0547,2020-12-23 10:1541,,2020-12-23 10:4030,2020-12-23 10:5822,,2020-12-23 11:3306,2020-12-23 11:4102,2020-12-23 12:0054,2020-12-23 12:1349,2020-12-23 12:2542,2020-12-23 12:4037,2020-12-23 12:5331,2020-12-23 13:1323,2020-12-23 13:3615,,,2020-12-23 14:3051,2020-12-23 14:5343,2020-12-23 15:1337,2020-12-23 15:3527,2020-12-23 15:5322,2020-12-23 16:1415,2020-12-23 16:4105,2020-12-23 16:5357,2020-12-23 17:1550,2020-12-23 17:3345,2020-12-23 17:4540,2020-12-23 18:0734,2020-12-23 18:2029,2020-12-23 18:3523,2020-12-23 18:5616,2020-12-23 19:0813,2020-12-23 19:1909,2020-12-23 19:2707,2020-12-23 19:3905,2020-12-23 19:4900,2020-12-23 19:5555,2020-12-23 20:0551,2020-12-23 20:1448,,2020-12-23 20:4838,,2020-12-23 21:0033,2020-12-23 21:1825,2020-12-23 21:3322,2020-12-23 21:5614,2020-12-23 22:1109,2020-12-23 22:2905,2020-12-23 22:4258,2020-12-23 23:0052,,,2020-12-23 23:5833,2020-12-24 00:3321
,,2020-12-23 07:0422,2020-12-23 07:2113,,,,2020-12-23 08:1646,,2020-12-23 08:3337,,,2020-12-23 09:0619,2020-12-23 09:1414,,,,,2020-12-23 09:5851,2020-12-23 10:0646,,2020-12-23 10:2638,2020-12-23 10:4129,,2020-12-23 11:1115,2020-12-23 11:3406,2020-12-23 11:4301,,2020-12-23 12:1448,2020-12-23 12:2642,,,,2020-12-23 13:3715,2020-12-23 13:5109,2020-12-23 14:1557,2020-12-23 14:3150,2020-12-23 14:5443,2020-12-23 15:1436,2020-12-23 15:3627,2020-12-23 15:5422,,2020-12-23 16:4205,2020-12-23 16:5457,2020-12-23 17:1651,2020-12-23 17:3544,2020-12-23 17:4640,2020-12-23 18:0834,2020-12-23 18:2128,2020-12-23 18:3623,2020-12-23 18:5816,2020-12-23 19:0913,,2020-12-23 19:2907,2020-12-23 19:4105,2020-12-23 19:5058,2020-12-23 19:5655,2020-12-23 20:0651,2020-12-23 20:1548,2020-12-23 20:2645,2020-12-23 20:4937,2020-12-23 20:5337,2020-12-23 21:0132,2020-12-23 21:1925,2020-12-23 21:3422,2020-12-23 21:5714,2020-12-23 22:1209,,2020-12-23 22:4357,2020-12-23 23:0152,2020-12-23 23:1647,2020-12-23 23:3839,2020-12-23 23:5933,
2020-12-23 06:1340,2020-12-23 06:3333,2020-12-23 07:0620,2020-12-23 07:2413,2020-12-23 07:4404,2020-12-23 07:5358,2020-12-23 08:0852,2020-12-23 08:1846,2020-12-23 08:2343,2020-12-23 08:3437,,2020-12-23 08:5625,,2020-12-23 09:1613,,2020-12-23 09:3402,2020-12-23 09:3900,2020-12-23 09:4557,2020-12-23 10:0149,2020-12-23 10:0846,2020-12-23 10:1641,2020-12-23 10:2837,2020-12-23 10:4328,2020-12-23 10:5922,,2020-12-23 11:3604,2020-12-23 11:4401,2020-12-23 12:0154,2020-12-23 12:1647,2020-12-23 12:2842,2020-12-23 12:4136,2020-12-23 12:5430,2020-12-23 13:1621,2020-12-23 13:3914,2020-12-23 13:5408,,2020-12-23 14:3349,2020-12-23 14:5643,2020-12-23 15:1636,2020-12-23 15:3827,2020-12-23 15:5621,2020-12-23 16:1614,2020-12-23 16:4403,2020-12-23 16:5657,2020-12-23 17:1850,2020-12-23 17:3844,2020-12-23 17:4839,2020-12-23 18:0934,2020-12-23 18:2327,2020-12-23 18:3922,2020-12-23 19:0115,2020-12-23 19:1112,2020-12-23 19:2108,2020-12-23 19:3106,2020-12-23 19:4205,2020-12-23 19:5356,2020-12-23 19:5854,2020-12-23 20:0850,2020-12-23 20:1648,2020-12-23 20:2845,2020-12-23 20:5137,2020-12-23 20:5635,2020-12-23 21:0332,2020-12-23 21:2125,2020-12-23 21:3621,2020-12-23 21:5913,2020-12-23 22:1408,2020-12-23 22:3104,,2020-12-23 23:0352,2020-12-23 23:1846,2020-12-23 23:3939,2020-12-24 00:0132,2020-12-24 00:3420
2020-12-23 06:1440,2020-12-23 06:3433,2020-12-23 07:0720,2020-12-23 07:2513,2020-12-23 07:4702,2020-12-23 07:5457,2020-12-23 08:0952,2020-12-23 08:1945,2020-12-23 08:2443,2020-12-23 08:3636,,2020-12-23 08:5923,2020-12-23 09:0917,2020-12-23 09:1713,,2020-12-23 09:3502,2020-12-23 09:4000,2020-12-23 09:4656,,2020-12-23 10:0945,,2020-12-23 10:2937,2020-12-23 10:4428,2020-12-23 11:0220,2020-12-23 11:1414,2020-12-23 11:3703,2020-12-23 11:4700,2020-12-23 12:0453,2020-12-23 12:1746,2020-12-23 12:2942,2020-12-23 12:4436,2020-12-23 12:5729,2020-12-23 13:1721,,,2020-12-23 14:1657,2020-12-23 14:3449,2020-12-23 14:5742,2020-12-23 15:1736,2020-12-23 15:3927,2020-12-23 15:5721,2020-12-23 16:1914,2020-12-23 16:4503,2020-12-23 16:5956,2020-12-23 17:1950,2020-12-23 17:3943,2020-12-23 17:4939,2020-12-23 18:1232,2020-12-23 18:2527,2020-12-23 18:4222,2020-12-23 19:0215,2020-12-23 19:1212,2020-12-23 19:2408,2020-12-23 19:3206,,2020-12-23 19:5455,2020-12-23 19:5954,2020-12-23 20:1149,2020-12-23 20:1748,2020-12-23 20:2945,2020-12-23 20:5436,2020-12-23 20:5735,2020-12-23 21:0431,2020-12-23 21:2225,2020-12-23 21:3721,,,2020-12-23 22:3204,2020-12-23 22:4656,,,2020-12-23 23:4138,,2020-12-24 00:3520
,,,2020-12-23 07:2712,,2020-12-23 07:5557,2020-12-23 08:1051,2020-12-23 08:2145,2020-12-23 08:2642,2020-12-23 08:3735,,2020-12-23 09:0222,2020-12-23 09:1215,2020-12-23 09:1812,,2020-12-23 09:3701,2020-12-23 09:4158,,2020-12-23 10:0248,,2020-12-23 10:1741,,2020-12-23 10:4527,2020-12-23 11:0419,2020-12-23 11:1712,,,2020-12-23 12:0553,2020-12-23 12:1946,2020-12-23 12:3141,,2020-12-23 12:5828,2020-12-23 13:1920,2020-12-23 13:4014,2020-12-23 13:5508,2020-12-23 14:1757,2020-12-23 14:3549,2020-12-23 14:5941,2020-12-23 15:1936,2020-12-23 15:4227,2020-12-23 15:5821,2020-12-23 16:2213,2020-12-23 16:4701,2020-12-23 17:0056,2020-12-23 17:2149,2020-12-23 17:4142,,2020-12-23 18:1431,2020-12-23 18:2726,2020-12-23 18:4520,2020-12-23 19:0414,2020-12-23 19:1510,2020-12-23 19:2508,2020-12-23 19:3506,2020-12-23 19:4502,2020-12-23 19:5755,2020-12-23 20:0253,2020-12-23 20:1448,2020-12-23 20:1947,2020-12-23 20:3044,,2020-12-23 20:5934,2020-12-23 21:0728,2020-12-23 21:2324,2020-12-23 21:3919,2020-12-23 22:0212,2020-12-23 22:1508,,2020-12-23 22:4955,2020-12-23 23:0451,2020-12-23 23:1946,2020-12-23 23:4238,2020-12-24 00:0232,
2020-12-23 06:1739,2020-12-23 06:3731,2020-12-23 07:1018,2020-12-23 07:2812,2020-12-23 07:4801,2020-12-23 07:5756,2020-12-23 08:1249,2020-12-23 08:2244,2020-12-23 08:2741,,,,2020-12-23 09:1315,2020-12-23 09:2011,,2020-12-23 09:3801,2020-12-23 09:4258,2020-12-23 09:4955,2020-12-23 10:0447,2020-12-23 10:1044,,2020-12-23 10:3036,2020-12-23 10:4726,2020-12-23 11:0519,,2020-12-23 11:4002,2020-12-23 11:4759,2020-12-23 12:0751,2020-12-23 12:2045,2020-12-23 12:3241,2020-12-23 12:4735,,2020-12-23 13:2020,,2020-12-23 13:5707,2020-12-23 14:1956,,2020-12-23 15:0041,2020-12-23 15:2036,2020-12-23 15:4326,2020-12-23 16:0020,2020-12-23 16:2313,2020-12-23 16:4800,2020-12-23 17:0255,2020-12-23 17:2248,2020-12-23 17:4242,2020-12-23 17:5238,2020-12-23 18:1531,2020-12-23 18:2825,2020-12-23 18:4620,2020-12-23 19:0514,2020-12-23 19:1610,2020-12-23 19:2807,2020-12-23 19:3606,2020-12-23 19:4800,2020-12-23 19:5954,2020-12-23 20:0353,2020-12-23 20:1548,,2020-12-23 20:3244,2020-12-23 20:5735,2020-12-23 21:0033,2020-12-23 21:0828,2020-12-23 21:2524,2020-12-23 21:4019,2020-12-23 22:0312,2020-12-23 22:1808,2020-12-23 22:3502,2020-12-23 22:5055,2020-12-23 23:0750,2020-12-23 23:2045,2020-12-23 23:4537,2020-12-24 00:0332,2020-12-24 00:3719
,,2020-12-23 07:1118,,,,2020-12-23 08:1348,,2020-12-23 08:2841,2020-12-23 08:4034,,2020-12-23 09:0321,2020-12-23 09:1414,,,,,2020-12-23 09:5055,2020-12-23 10:0547,,2020-12-23 10:2039,2020-12-23 10:3135,,,2020-12-23 11:1812,2020-12-23 11:4102,,,,2020-12-23 12:3340,2020-12-23 12:4833,2020-12-23 13:0027,,2020-12-23 13:4312,2020-12-23 13:5807,2020-12-23 14:2056,2020-12-23 14:3748,,,,,,,,2020-12-23 17:2348,2020-12-23 17:4540,,2020-12-23 18:1829,2020-12-23 18:3025,2020-12-23 18:4819,2020-12-23 19:0813,2020-12-23 19:1810,2020-12-23 19:2907,2020-12-23 19:3805,2020-12-23 19:4900,,,2020-12-23 20:1748,2020-12-23 20:2047,2020-12-23 20:3343,2020-12-23 21:0033,,2020-12-23 21:1027,2020-12-23 21:2624,2020-12-23 21:4118,2020-12-23 22:0511,2020-12-23 22:1907,2020-12-23 22:3601,,,2020-12-23 23:2245,,2020-12-24 00:0532,2020-12-24 00:3819
2020-12-23 06:1938,2020-12-23 06:3830,2020-12-23 07:1218,2020-12-23 07:2911,2020-12-23 07:5058,2020-12-23 07:5856,2020-12-23 08:1447,2020-12-23 08:2343,,2020-12-23 08:4134,,2020-12-23 09:0420,,2020-12-23 09:2110,,2020-12-23 09:3900,2020-12-23 09:4357,,2020-12-23 10:0646,2020-12-23 10:1144,2020-12-23 10:2139,,2020-12-23 10:4826,2020-12-23 11:0618,2020-12-23 11:1911,2020-12-23 11:4202,2020-12-23 11:5058,2020-12-23 12:0851,2020-12-23 12:2145,2020-12-23 12:3440,,2020-12-23 13:0127,2020-12-23 13:2120,2020-12-23 13:4412,2020-12-23 13:5906,,2020-12-23 14:3848,2020-12-23 15:0141,2020-12-23 15:2135,2020-12-23 15:4426,2020-12-23 16:0120,2020-12-23 16:2412,2020-12-23 16:5100,2020-12-23 17:0355,2020-12-23 17:2447,,2020-12-23 17:5338,2020-12-23 18:1929,2020-12-23 18:3124,2020-12-23 18:4918,2020-12-23 19:0913,2020-12-23 19:1909,,2020-12-23 19:3905,2020-12-23 19:4959,2020-12-23 20:0153,2020-12-23 20:0551,2020-12-23 20:1847,2020-12-23 20:2147,2020-12-23 20:3443,2020-12-23 21:0132,2020-12-23 21:0332,2020-12-23 21:1127,2020-12-23 21:2723,,2020-12-23 22:0610,,2020-12-23 22:3701,2020-12-23 22:5155,2020-12-23 23:0850,,2020-12-23 23:4636,,2020-12-24 00:3918
,,,,2020-12-23 07:5158,,,2020-12-23 08:2443,2020-12-23 08:2941,,,2020-12-23 09:0520,2020-12-23 09:1514,,,2020-12-23 09:4000,,2020-12-23 09:5155,,,,2020-12-23 10:3235,2020-12-23 10:4925,,,,2020-12-23 11:5158,,,2020-12-23 12:3539,2020-12-23 12:4933,2020-12-23 13:0227,,,,2020-12-23 14:2155,2020-12-23 14:3948,2020-12-23 15:0240,,,2020-12-23 16:0220,2020-12-23 16:2512,2020-12-23 16:5159,2020-12-23 17:0454,2020-12-23 17:2547,2020-12-23 17:4640,2020-12-23 17:5437,2020-12-23 18:2029,2020-12-23 18:3224,2020-12-23 18:5018,,,2020-12-23 19:3007,2020-12-23 19:4005,2020-12-23 19:5058,2020-12-23 20:0253,2020-12-23 20:0651,,,2020-12-23 20:3543,,2020-12-23 21:0431,,,2020-12-23 21:4218,2020-12-23 22:0710,2020-12-23 22:2007,2020-12-23 22:3800,2020-12-23 22:5255,,2020-12-23 23:2345,,2020-12-24 00:0631,
2020-12-23 06:2038,2020-12-23 06:3930,2020-12-23 07:1317,2020-12-23 07:3010,,2020-12-23 07:5955,,,,2020-12-23 08:4233,,,,2020-12-23 09:2210,,,2020-12-23 09:4457,,,,2020-12-23 10:2238,,,2020-12-23 11:0717,2020-12-23 11:2011,2020-12-23 11:4301,2020-12-23 11:5257,,,,,,2020-12-23 13:2220,2020-12-23 13:4512,2020-12-23 14:0006,,,,2020-12-23 15:2234,2020-12-23 15:4625,,,,,2020-12-23 17:2647,,,2020-12-23 18:2128,,,,,,,,,2020-12-23 20:0751,2020-12-23 20:1947,2020-12-23 20:2247,,2020-12-23 21:0232,,2020-12-23 21:1227,2020-12-23 21:2823,,,,,,2020-12-23 23:0950,,2020-12-23 23:4736,2020-12-24 00:0731,
,,,,,,,,,,,,,,,,,,,,,,,,,,,,,,,,,,,,,,,,,,,,,,,,,,,,,,,,,,,,,,,,,,,,,,,,,
,,,,,,,,,,,,,,,,,,,,,,,,,,,,,,,,,,,,,,,,,,,,,,,,,,,,,,,,,,,,,,,,,,,,,,,,,
