,경기70아8789_0,경기70아6926_0,경기70아7482_0,경기78아1147_0,경기78아1117_0,경기70아7361_0,경기77바1097_0,경기70아8880_0,경기70아8601_0,경기70아8629_0,경기76사5089_0,경기70아7474_0,경기77바1198_0,경기70아8789_106,강원71바1297_0,경기70아6926_90,경기70아7482_99,경기78아1117_106,경기78아1147_100,경기70아7361_116,경기77바1097_108,경기70아8880_111,경기70아8601_112,경기70아7474_78,경기70아8629_110,경기77바1198_118,경기70아8789_216,경기70아6926_195,경기70아7482_203,경기78아1117_200,경기70아7361_224,경기78아1147_196,경기77바1097_204,경기70아8880_197,경기70아8601_220,경기70아7474_169,경기70아8629_199,경기77바1198_235,경기70아8789_313,경기70아6926_293,경기70아7482_304,경기78아1147_286,경기78아1117_295,경기70아7361_317,경기77바1097_302,경기70아8880_308,경기70아8601_318,경기78아1178_0,경기70아8629_296,경기77바1198_350,경기70아8789_420,경기70아6926_391,경기70아7482_418,경기78아1147_383,경기78아1117_388,경기70아7361_416,경기77바1097_412,경기70아8880_421,경기70아8601_428,경기78아1178_110,경기70아8629_404,경기77바1198_470,경기70아8789_540,경기70아6926_505,경기70아7482_540,경기78아1147_507,경기78아1117_499,경기70아7361_526,경기77바1097_523,경기70아8880_527,경기70아8601_538,경기78아1178_210,경기70아8629_499,경기77바1198_563
1,2020-12-28 05:00:58,2020-12-28 05:21:47,,2020-12-28 05:57:32,2020-12-28 06:11:27,,2020-12-28 06:31:20,2020-12-28 06:41:15,,2020-12-28 07:01:09,,,2020-12-28 07:23:56,2020-12-28 07:38:49,,,,,2020-12-28 08:25:23,2020-12-28 08:36:18,2020-12-28 08:48:13,2020-12-28 09:01:05,2020-12-28 09:15:55,2020-12-28 09:31:46,,2020-12-28 10:01:33,2020-12-28 10:16:25,2020-12-28 10:31:19,2020-12-28 10:46:13,2020-12-28 11:01:07,2020-12-28 11:16:03,2020-12-28 11:30:54,2020-12-28 11:45:49,2020-12-28 12:01:41,2020-12-28 12:20:32,2020-12-28 12:41:23,2020-12-28 13:01:15,2020-12-28 13:21:05,,,,2020-12-28 14:40:32,2020-12-28 15:01:23,,2020-12-28 15:31:16,2020-12-28 15:46:11,,2020-12-28 16:17:00,2020-12-28 16:30:54,2020-12-28 16:46:49,2020-12-28 17:01:43,2020-12-28 17:10:37,2020-12-28 17:21:33,2020-12-28 17:30:30,,2020-12-28 17:52:19,2020-12-28 18:03:17,2020-12-28 18:16:13,2020-12-28 18:31:07,2020-12-28 18:47:01,2020-12-28 19:00:55,2020-12-28 19:16:49,2020-12-28 19:31:44,2020-12-28 19:45:39,2020-12-28 20:01:33,,,2020-12-28 21:01:13,2020-12-28 21:21:07,,,,,2020-12-28 23:11:29
2,2020-12-28 05:01:58,,2020-12-28 05:41:38,2020-12-28 05:58:32,2020-12-28 06:12:27,2020-12-28 06:21:23,2020-12-28 06:32:19,2020-12-28 06:42:15,2020-12-28 06:51:13,2020-12-28 07:02:08,,,2020-12-28 07:24:56,2020-12-28 07:39:49,,2020-12-28 07:56:39,2020-12-28 08:06:34,,2020-12-28 08:26:23,2020-12-28 08:37:17,2020-12-28 08:49:12,2020-12-28 09:02:04,2020-12-28 09:16:55,2020-12-28 09:32:45,,2020-12-28 10:02:33,2020-12-28 10:17:24,2020-12-28 10:32:19,2020-12-28 10:47:12,2020-12-28 11:02:06,2020-12-28 11:17:03,2020-12-28 11:31:54,2020-12-28 11:46:48,,2020-12-28 12:21:32,2020-12-28 12:42:23,2020-12-28 13:02:14,2020-12-28 13:22:04,2020-12-28 13:42:56,2020-12-28 14:00:49,,2020-12-28 14:41:32,2020-12-28 15:02:23,2020-12-28 15:17:20,2020-12-28 15:32:16,2020-12-28 15:47:11,2020-12-28 16:02:05,,,,2020-12-28 17:02:42,2020-12-28 17:11:37,2020-12-28 17:22:32,2020-12-28 17:32:28,,2020-12-28 17:53:19,2020-12-28 18:04:17,2020-12-28 18:17:13,2020-12-28 18:32:07,,,,,,2020-12-28 20:02:33,,2020-12-28 20:41:20,2020-12-28 21:02:13,2020-12-28 21:22:06,2020-12-28 21:41:01,,2020-12-28 22:26:46,,2020-12-28 23:12:28
3,2020-12-28 05:02:58,2020-12-28 05:22:47,2020-12-28 05:42:38,2020-12-28 06:00:31,2020-12-28 06:13:26,2020-12-28 06:22:23,2020-12-28 06:33:19,,2020-12-28 06:53:12,2020-12-28 07:03:07,2020-12-28 07:13:03,,2020-12-28 07:25:55,2020-12-28 07:40:49,2020-12-28 07:47:46,2020-12-28 07:57:38,2020-12-28 08:07:33,,,2020-12-28 08:38:16,2020-12-28 08:50:12,2020-12-28 09:03:04,2020-12-28 09:17:54,2020-12-28 09:33:45,2020-12-28 09:47:39,2020-12-28 10:03:32,2020-12-28 10:18:23,2020-12-28 10:33:18,2020-12-28 10:48:11,2020-12-28 11:03:05,2020-12-28 11:18:02,2020-12-28 11:32:54,2020-12-28 11:47:48,2020-12-28 12:02:41,2020-12-28 12:22:32,2020-12-28 12:43:22,2020-12-28 13:03:14,2020-12-28 13:23:04,2020-12-28 13:44:54,2020-12-28 14:02:48,2020-12-28 14:22:40,2020-12-28 14:42:32,,2020-12-28 15:18:19,2020-12-28 15:33:16,2020-12-28 15:48:10,2020-12-28 16:03:05,2020-12-28 16:18:00,2020-12-28 16:32:53,2020-12-28 16:47:49,,2020-12-28 17:12:36,2020-12-28 17:23:32,,,2020-12-28 17:55:19,2020-12-28 18:05:17,2020-12-28 18:18:13,2020-12-28 18:33:07,2020-12-28 18:48:00,2020-12-28 19:02:54,2020-12-28 19:17:49,2020-12-28 19:32:43,2020-12-28 19:47:38,2020-12-28 20:03:32,,2020-12-28 20:43:19,2020-12-28 21:03:13,2020-12-28 21:23:06,2020-12-28 21:43:00,2020-12-28 22:02:55,2020-12-28 22:27:45,2020-12-28 22:52:36,
4,2020-12-28 05:03:58,2020-12-28 05:23:46,2020-12-28 05:43:37,2020-12-28 06:01:31,2020-12-28 06:14:26,2020-12-28 06:23:23,2020-12-28 06:34:18,2020-12-28 06:43:15,2020-12-28 06:54:12,2020-12-28 07:04:07,2020-12-28 07:14:02,,2020-12-28 07:26:54,2020-12-28 07:41:49,2020-12-28 07:48:45,2020-12-28 07:59:38,2020-12-28 08:09:32,,2020-12-28 08:28:21,2020-12-28 08:39:16,2020-12-28 08:51:11,2020-12-28 09:04:03,2020-12-28 09:18:53,,2020-12-28 09:48:38,2020-12-28 10:04:32,2020-12-28 10:19:23,2020-12-28 10:34:17,2020-12-28 10:49:11,2020-12-28 11:04:05,2020-12-28 11:19:02,2020-12-28 11:33:54,2020-12-28 11:48:48,2020-12-28 12:04:40,2020-12-28 12:23:31,2020-12-28 12:44:22,2020-12-28 13:04:13,2020-12-28 13:24:03,2020-12-28 13:45:54,2020-12-28 14:03:48,2020-12-28 14:23:39,2020-12-28 14:43:32,2020-12-28 15:03:23,2020-12-28 15:19:19,2020-12-28 15:34:16,2020-12-28 15:49:09,2020-12-28 16:04:04,2020-12-28 16:18:59,2020-12-28 16:33:53,2020-12-28 16:48:49,2020-12-28 17:03:42,2020-12-28 17:13:35,2020-12-28 17:24:32,2020-12-28 17:33:27,,2020-12-28 17:56:18,2020-12-28 18:06:16,2020-12-28 18:19:12,2020-12-28 18:34:06,2020-12-28 18:49:00,2020-12-28 19:03:53,2020-12-28 19:18:48,2020-12-28 19:34:43,2020-12-28 19:48:38,2020-12-28 20:04:32,,2020-12-28 20:44:19,2020-12-28 21:04:12,2020-12-28 21:24:05,2020-12-28 21:44:00,2020-12-28 22:03:55,2020-12-28 22:28:45,2020-12-28 22:53:35,2020-12-28 23:13:28
5,2020-12-28 05:04:57,2020-12-28 05:24:45,2020-12-28 05:44:37,,2020-12-28 06:15:26,2020-12-28 06:24:22,2020-12-28 06:35:18,2020-12-28 06:45:14,2020-12-28 06:55:11,2020-12-28 07:05:07,2020-12-28 07:16:01,,2020-12-28 07:29:53,2020-12-28 07:43:48,2020-12-28 07:50:43,,2020-12-28 08:10:31,,2020-12-28 08:30:20,2020-12-28 08:40:15,2020-12-28 08:52:11,2020-12-28 09:05:02,2020-12-28 09:19:52,2020-12-28 09:34:45,2020-12-28 09:49:38,2020-12-28 10:05:30,2020-12-28 10:20:23,2020-12-28 10:35:16,2020-12-28 10:50:11,2020-12-28 11:05:05,2020-12-28 11:20:01,2020-12-28 11:35:53,2020-12-28 11:49:48,2020-12-28 12:05:39,2020-12-28 12:24:31,2020-12-28 12:45:22,2020-12-28 13:05:12,2020-12-28 13:25:03,2020-12-28 13:47:53,2020-12-28 14:04:48,2020-12-28 14:24:39,2020-12-28 14:44:30,2020-12-28 15:05:23,2020-12-28 15:20:19,2020-12-28 15:35:15,2020-12-28 15:50:09,2020-12-28 16:05:04,2020-12-28 16:19:58,2020-12-28 16:34:53,2020-12-28 16:49:48,2020-12-28 17:05:41,2020-12-28 17:14:35,2020-12-28 17:25:32,2020-12-28 17:34:27,2020-12-28 17:45:22,2020-12-28 17:57:18,2020-12-28 18:07:16,2020-12-28 18:20:12,2020-12-28 18:35:05,2020-12-28 18:50:00,2020-12-28 19:04:52,2020-12-28 19:19:48,2020-12-28 19:35:42,2020-12-28 19:49:38,2020-12-28 20:05:32,,,2020-12-28 21:05:12,2020-12-28 21:25:05,2020-12-28 21:45:00,2020-12-28 22:04:54,2020-12-28 22:29:45,2020-12-28 22:54:35,2020-12-28 23:14:28
6,2020-12-28 05:05:57,2020-12-28 05:25:45,2020-12-28 05:45:37,2020-12-28 06:02:30,,2020-12-28 06:27:21,2020-12-28 06:37:17,2020-12-28 06:47:14,2020-12-28 06:57:10,2020-12-28 07:07:06,2020-12-28 07:18:59,,,2020-12-28 07:45:46,2020-12-28 07:52:42,2020-12-28 08:02:36,2020-12-28 08:12:30,2020-12-28 08:22:24,2020-12-28 08:32:18,2020-12-28 08:42:14,2020-12-28 08:55:08,2020-12-28 09:07:01,2020-12-28 09:21:51,2020-12-28 09:37:44,,2020-12-28 10:07:29,,2020-12-28 10:38:15,2020-12-28 10:52:10,2020-12-28 11:07:05,2020-12-28 11:22:58,,2020-12-28 11:51:47,2020-12-28 12:07:38,2020-12-28 12:25:30,2020-12-28 12:47:20,2020-12-28 13:07:11,2020-12-28 13:27:03,2020-12-28 13:49:53,2020-12-28 14:06:46,,,2020-12-28 15:07:22,2020-12-28 15:22:19,2020-12-28 15:37:15,,,2020-12-28 16:21:57,2020-12-28 16:36:52,2020-12-28 16:50:48,2020-12-28 17:07:39,2020-12-28 17:17:34,2020-12-28 17:27:32,2020-12-28 17:37:24,2020-12-28 17:47:21,2020-12-28 17:58:18,2020-12-28 18:10:15,2020-12-28 18:22:12,,2020-12-28 18:51:59,2020-12-28 19:07:51,2020-12-28 19:22:46,2020-12-28 19:37:42,2020-12-28 19:52:37,2020-12-28 20:07:31,2020-12-28 20:27:24,2020-12-28 20:45:19,2020-12-28 21:07:11,2020-12-28 21:27:04,2020-12-28 21:46:00,2020-12-28 22:05:54,,,2020-12-28 23:15:27
7,2020-12-28 05:07:55,2020-12-28 05:27:44,2020-12-28 05:47:36,,2020-12-28 06:18:24,2020-12-28 06:28:21,2020-12-28 06:38:17,2020-12-28 06:48:13,2020-12-28 06:58:10,2020-12-28 07:08:05,2020-12-28 07:20:58,,2020-12-28 07:32:51,2020-12-28 07:47:46,2020-12-28 07:53:42,2020-12-28 08:05:34,2020-12-28 08:15:28,2020-12-28 08:23:24,2020-12-28 08:33:18,2020-12-28 08:45:14,2020-12-28 08:58:07,2020-12-28 09:08:01,2020-12-28 09:22:50,2020-12-28 09:38:43,2020-12-28 09:52:37,2020-12-28 10:08:29,2020-12-28 10:22:23,2020-12-28 10:40:14,2020-12-28 10:53:10,2020-12-28 11:10:04,2020-12-28 11:24:58,2020-12-28 11:37:52,2020-12-28 11:52:47,,2020-12-28 12:27:30,,2020-12-28 13:08:11,2020-12-28 13:28:02,2020-12-28 13:50:53,2020-12-28 14:07:46,2020-12-28 14:27:37,2020-12-28 14:47:28,2020-12-28 15:08:22,2020-12-28 15:23:19,2020-12-28 15:40:13,2020-12-28 15:53:09,2020-12-28 16:08:03,2020-12-28 16:22:57,2020-12-28 16:37:52,2020-12-28 16:52:46,2020-12-28 17:10:37,,2020-12-28 17:30:30,2020-12-28 17:40:24,,2020-12-28 18:00:18,2020-12-28 18:13:14,2020-12-28 18:23:11,2020-12-28 18:38:03,2020-12-28 18:52:59,2020-12-28 19:09:50,2020-12-28 19:24:46,,2020-12-28 19:53:36,2020-12-28 20:08:31,2020-12-28 20:28:24,,2020-12-28 21:08:10,2020-12-28 21:28:04,2020-12-28 21:48:00,,,2020-12-28 22:55:34,2020-12-28 23:17:27
8,2020-12-28 05:08:55,,2020-12-28 05:48:36,2020-12-28 06:05:29,2020-12-28 06:20:24,2020-12-28 06:30:20,2020-12-28 06:40:16,2020-12-28 06:50:13,2020-12-28 07:01:09,2020-12-28 07:11:03,2020-12-28 07:23:56,,2020-12-28 07:35:50,2020-12-28 07:48:45,2020-12-28 07:55:40,2020-12-28 08:08:33,2020-12-28 08:18:27,2020-12-28 08:25:23,2020-12-28 08:35:18,2020-12-28 08:46:14,2020-12-28 08:59:06,2020-12-28 09:10:59,,2020-12-28 09:40:41,2020-12-28 09:53:36,2020-12-28 10:10:28,2020-12-28 10:23:22,2020-12-28 10:43:14,,2020-12-28 11:11:04,2020-12-28 11:25:57,2020-12-28 11:40:52,2020-12-28 11:53:47,2020-12-28 12:10:36,2020-12-28 12:28:29,2020-12-28 12:48:20,,2020-12-28 13:29:02,2020-12-28 13:52:52,2020-12-28 14:10:45,2020-12-28 14:28:36,2020-12-28 14:48:28,2020-12-28 15:10:21,,,2020-12-28 15:56:08,2020-12-28 16:11:02,2020-12-28 16:25:56,,2020-12-28 16:55:46,,2020-12-28 17:18:34,,2020-12-28 17:41:23,2020-12-28 17:48:21,2020-12-28 18:01:18,2020-12-28 18:15:13,,2020-12-28 18:41:03,,,2020-12-28 19:25:46,2020-12-28 19:40:41,2020-12-28 19:55:35,2020-12-28 20:10:30,2020-12-28 20:30:23,2020-12-28 20:48:18,,,2020-12-28 21:48:59,2020-12-28 22:07:53,2020-12-28 22:30:45,,2020-12-28 23:18:27
9,2020-12-28 05:09:54,2020-12-28 05:28:43,2020-12-28 05:49:35,2020-12-28 06:06:29,2020-12-28 06:21:23,2020-12-28 06:31:20,2020-12-28 06:41:15,2020-12-28 06:52:12,2020-12-28 07:02:08,2020-12-28 07:12:03,2020-12-28 07:24:56,,2020-12-28 07:36:50,2020-12-28 07:50:43,2020-12-28 07:56:39,2020-12-28 08:09:32,2020-12-28 08:19:26,2020-12-28 08:26:23,2020-12-28 08:36:18,2020-12-28 08:47:14,2020-12-28 09:00:06,2020-12-28 09:11:58,2020-12-28 09:25:49,2020-12-28 09:41:40,2020-12-28 09:54:36,2020-12-28 10:12:27,2020-12-28 10:24:21,2020-12-28 10:44:14,2020-12-28 10:56:08,2020-12-28 11:12:04,2020-12-28 11:26:56,2020-12-28 11:41:51,2020-12-28 11:54:46,2020-12-28 12:11:35,2020-12-28 12:29:28,2020-12-28 12:49:20,2020-12-28 13:11:09,2020-12-28 13:30:02,2020-12-28 13:53:52,2020-12-28 14:11:44,2020-12-28 14:29:36,2020-12-28 14:49:27,,2020-12-28 15:24:19,2020-12-28 15:41:13,2020-12-28 15:57:08,2020-12-28 16:12:02,2020-12-28 16:26:55,2020-12-28 16:40:51,2020-12-28 16:56:45,2020-12-28 17:13:35,2020-12-28 17:20:33,2020-12-28 17:31:29,2020-12-28 17:42:23,2020-12-28 17:49:21,2020-12-28 18:02:18,2020-12-28 18:16:13,2020-12-28 18:26:09,2020-12-28 18:42:02,2020-12-28 18:55:56,2020-12-28 19:10:50,2020-12-28 19:26:45,2020-12-28 19:41:41,,2020-12-28 20:11:30,2020-12-28 20:31:23,2020-12-28 20:49:18,2020-12-28 21:11:09,2020-12-28 21:29:04,2020-12-28 21:49:59,2020-12-28 22:08:53,2020-12-28 22:31:44,,2020-12-28 23:19:27
10,2020-12-28 05:10:53,2020-12-28 05:32:42,2020-12-28 05:50:35,2020-12-28 06:08:28,2020-12-28 06:23:23,2020-12-28 06:33:19,2020-12-28 06:43:15,2020-12-28 06:53:12,2020-12-28 07:03:07,2020-12-28 07:14:02,2020-12-28 07:25:55,,2020-12-28 07:38:49,2020-12-28 07:51:43,2020-12-28 07:58:38,2020-12-28 08:11:30,2020-12-28 08:21:24,2020-12-28 08:28:21,2020-12-28 08:38:16,2020-12-28 08:48:13,2020-12-28 09:01:05,2020-12-28 09:13:57,2020-12-28 09:26:48,2020-12-28 09:43:40,2020-12-28 09:56:35,2020-12-28 10:13:26,2020-12-28 10:26:21,2020-12-28 10:46:13,2020-12-28 10:58:09,2020-12-28 11:14:04,2020-12-28 11:28:55,2020-12-28 11:43:51,2020-12-28 11:55:45,2020-12-28 12:13:35,2020-12-28 12:31:28,2020-12-28 12:51:19,2020-12-28 13:13:09,2020-12-28 13:31:01,2020-12-28 13:55:51,2020-12-28 14:13:44,2020-12-28 14:31:35,2020-12-28 14:51:27,2020-12-28 15:11:21,2020-12-28 15:26:18,2020-12-28 15:42:13,2020-12-28 15:58:07,2020-12-28 16:14:02,2020-12-28 16:28:54,2020-12-28 16:41:51,2020-12-28 16:58:45,2020-12-28 17:16:34,2020-12-28 17:21:33,2020-12-28 17:34:27,2020-12-28 17:43:23,2020-12-28 17:51:20,2020-12-28 18:04:17,2020-12-28 18:18:13,2020-12-28 18:27:08,2020-12-28 18:43:02,2020-12-28 18:56:56,2020-12-28 19:13:49,2020-12-28 19:27:45,2020-12-28 19:43:40,2020-12-28 19:56:35,2020-12-28 20:13:29,2020-12-28 20:33:22,2020-12-28 20:51:16,2020-12-28 21:13:09,2020-12-28 21:31:03,2020-12-28 21:50:59,2020-12-28 22:09:53,2020-12-28 22:33:43,2020-12-28 22:58:33,2020-12-28 23:21:26
11,2020-12-28 05:13:51,2020-12-28 05:34:41,2020-12-28 05:53:33,2020-12-28 06:13:26,2020-12-28 06:29:20,2020-12-28 06:38:17,2020-12-28 06:47:14,2020-12-28 06:59:10,2020-12-28 07:08:05,2020-12-28 07:17:00,2020-12-28 07:31:52,,2020-12-28 07:43:48,2020-12-28 07:55:40,2020-12-28 08:01:36,2020-12-28 08:13:29,2020-12-28 08:25:23,2020-12-28 08:32:18,2020-12-28 08:44:14,2020-12-28 08:53:10,2020-12-28 09:05:02,2020-12-28 09:16:55,2020-12-28 09:31:46,2020-12-28 09:46:39,2020-12-28 10:01:33,2020-12-28 10:16:25,2020-12-28 10:30:19,2020-12-28 10:50:11,2020-12-28 11:02:06,2020-12-28 11:16:03,2020-12-28 11:32:54,2020-12-28 11:46:48,2020-12-28 11:58:43,2020-12-28 12:18:33,2020-12-28 12:35:25,2020-12-28 12:55:17,2020-12-28 13:18:06,2020-12-28 13:34:59,2020-12-28 14:00:49,2020-12-28 14:17:42,2020-12-28 14:34:34,2020-12-28 14:54:26,2020-12-28 15:14:20,2020-12-28 15:31:16,2020-12-28 15:45:12,2020-12-28 16:02:05,2020-12-28 16:19:58,2020-12-28 16:31:53,2020-12-28 16:46:49,2020-12-28 17:02:42,2020-12-28 17:20:33,2020-12-28 17:26:32,2020-12-28 17:38:24,2020-12-28 17:47:21,2020-12-28 17:56:18,2020-12-28 18:08:16,2020-12-28 18:23:11,2020-12-28 18:32:07,2020-12-28 18:50:00,2020-12-28 19:01:54,2020-12-28 19:16:49,2020-12-28 19:31:44,2020-12-28 19:47:38,2020-12-28 20:02:33,2020-12-28 20:17:29,2020-12-28 20:37:21,2020-12-28 20:56:15,2020-12-28 21:17:08,2020-12-28 21:35:03,2020-12-28 21:52:58,2020-12-28 22:11:52,2020-12-28 22:37:42,2020-12-28 23:02:31,2020-12-28 23:23:26
12,2020-12-28 05:15:50,2020-12-28 05:37:40,2020-12-28 05:56:32,2020-12-28 06:16:26,2020-12-28 06:32:19,2020-12-28 06:42:15,2020-12-28 06:51:13,2020-12-28 07:02:08,2020-12-28 07:10:04,2020-12-28 07:18:59,2020-12-28 07:33:51,,2020-12-28 07:45:46,2020-12-28 07:58:38,2020-12-28 08:03:36,2020-12-28 08:16:28,2020-12-28 08:28:21,2020-12-28 08:34:18,2020-12-28 08:46:14,2020-12-28 08:55:08,2020-12-28 09:07:01,2020-12-28 09:18:53,2020-12-28 09:33:45,2020-12-28 09:48:38,2020-12-28 10:03:32,2020-12-28 10:19:23,2020-12-28 10:33:18,2020-12-28 10:53:10,2020-12-28 11:04:05,2020-12-28 11:18:02,2020-12-28 11:34:53,2020-12-28 11:48:48,2020-12-28 12:01:41,2020-12-28 12:20:32,2020-12-28 12:37:24,2020-12-28 12:57:16,2020-12-28 13:20:06,2020-12-28 13:36:58,2020-12-28 14:02:48,2020-12-28 14:19:41,2020-12-28 14:36:33,2020-12-28 14:56:25,2020-12-28 15:16:20,2020-12-28 15:33:16,2020-12-28 15:47:11,2020-12-28 16:04:04,2020-12-28 16:22:57,2020-12-28 16:34:53,2020-12-28 16:48:49,2020-12-28 17:04:42,2020-12-28 17:23:32,2020-12-28 17:28:31,2020-12-28 17:41:23,2020-12-28 17:49:21,2020-12-28 17:58:18,2020-12-28 18:10:15,2020-12-28 18:25:10,2020-12-28 18:34:06,2020-12-28 18:51:59,2020-12-28 19:03:53,2020-12-28 19:18:48,2020-12-28 19:34:43,2020-12-28 19:49:38,2020-12-28 20:04:32,2020-12-28 20:19:28,2020-12-28 20:40:20,2020-12-28 20:58:14,2020-12-28 21:19:07,2020-12-28 21:38:02,2020-12-28 21:55:57,2020-12-28 22:13:51,2020-12-28 22:40:40,2020-12-28 23:04:31,2020-12-28 23:25:25
13,2020-12-28 05:17:49,2020-12-28 05:38:39,2020-12-28 05:57:32,2020-12-28 06:17:25,2020-12-28 06:35:18,2020-12-28 06:45:14,2020-12-28 06:55:11,2020-12-28 07:06:06,2020-12-28 07:16:01,2020-12-28 07:26:54,2020-12-28 07:40:49,,2020-12-28 07:52:42,2020-12-28 08:03:36,2020-12-28 08:07:33,2020-12-28 08:18:27,2020-12-28 08:30:20,2020-12-28 08:36:18,2020-12-28 08:49:12,2020-12-28 08:57:07,2020-12-28 09:09:00,2020-12-28 09:20:52,2020-12-28 09:35:45,2020-12-28 09:50:38,2020-12-28 10:05:30,2020-12-28 10:21:23,2020-12-28 10:34:17,2020-12-28 10:54:09,2020-12-28 11:06:05,2020-12-28 11:20:01,2020-12-28 11:36:53,2020-12-28 11:50:48,2020-12-28 12:02:41,2020-12-28 12:30:27,2020-12-28 12:40:23,2020-12-28 12:59:15,2020-12-28 13:22:04,2020-12-28 13:38:57,2020-12-28 14:03:48,2020-12-28 14:21:40,2020-12-28 14:38:33,2020-12-28 14:58:24,2020-12-28 15:18:19,2020-12-28 15:35:15,2020-12-28 15:49:09,2020-12-28 16:06:04,2020-12-28 16:23:57,2020-12-28 16:35:53,2020-12-28 16:50:48,2020-12-28 17:05:41,2020-12-28 17:25:32,2020-12-28 17:30:30,2020-12-28 17:43:23,2020-12-28 17:51:20,2020-12-28 18:00:18,2020-12-28 18:12:14,2020-12-28 18:27:08,2020-12-28 18:36:05,2020-12-28 18:53:58,2020-12-28 19:05:52,2020-12-28 19:20:48,2020-12-28 19:35:42,2020-12-28 19:51:37,2020-12-28 20:06:31,2020-12-28 20:21:26,2020-12-28 20:41:20,2020-12-28 21:00:13,2020-12-28 21:21:07,2020-12-28 21:40:01,2020-12-28 21:56:57,2020-12-28 22:15:50,2020-12-28 22:42:40,2020-12-28 23:05:31,2020-12-28 23:28:25
14,2020-12-28 05:18:48,2020-12-28 05:40:39,2020-12-28 05:59:32,2020-12-28 06:19:24,2020-12-28 06:36:17,2020-12-28 06:47:14,2020-12-28 06:58:10,2020-12-28 07:10:04,2020-12-28 07:20:58,2020-12-28 07:30:52,2020-12-28 07:45:46,2020-12-28 07:47:46,2020-12-28 07:57:38,2020-12-28 08:06:34,2020-12-28 08:10:31,2020-12-28 08:20:25,2020-12-28 08:31:19,2020-12-28 08:38:16,2020-12-28 08:50:12,2020-12-28 08:58:07,2020-12-28 09:09:59,2020-12-28 09:21:51,2020-12-28 09:36:45,2020-12-28 09:52:37,2020-12-28 10:07:29,2020-12-28 10:22:23,2020-12-28 10:36:16,2020-12-28 10:56:08,2020-12-28 11:08:04,2020-12-28 11:21:00,2020-12-28 11:37:52,2020-12-28 11:51:47,2020-12-28 12:08:37,2020-12-28 12:34:25,2020-12-28 12:42:23,2020-12-28 13:00:15,2020-12-28 13:23:04,2020-12-28 13:40:56,2020-12-28 14:05:47,2020-12-28 14:22:40,2020-12-28 14:40:32,2020-12-28 14:59:24,2020-12-28 15:19:19,2020-12-28 15:36:15,2020-12-28 15:51:09,2020-12-28 16:08:03,2020-12-28 16:25:56,2020-12-28 16:37:52,2020-12-28 16:51:47,2020-12-28 17:07:39,2020-12-28 17:26:32,2020-12-28 17:31:29,2020-12-28 17:44:22,2020-12-28 17:53:19,2020-12-28 18:01:18,2020-12-28 18:13:14,2020-12-28 18:28:08,2020-12-28 18:37:04,2020-12-28 18:54:57,2020-12-28 19:06:52,2020-12-28 19:21:47,2020-12-28 19:37:42,2020-12-28 19:52:37,2020-12-28 20:07:31,2020-12-28 20:22:26,2020-12-28 20:43:19,2020-12-28 21:01:13,2020-12-28 21:23:06,2020-12-28 21:41:01,2020-12-28 21:58:56,2020-12-28 22:16:49,2020-12-28 22:43:39,2020-12-28 23:07:30,2020-12-28 23:29:24
15,2020-12-28 05:20:47,2020-12-28 05:41:38,2020-12-28 06:00:31,2020-12-28 06:20:24,2020-12-28 06:41:15,2020-12-28 06:54:12,2020-12-28 07:03:07,2020-12-28 07:14:02,2020-12-28 07:24:56,2020-12-28 07:33:51,2020-12-28 07:47:46,2020-12-28 07:48:45,2020-12-28 08:00:37,2020-12-28 08:09:32,2020-12-28 08:14:28,2020-12-28 08:23:24,2020-12-28 08:33:18,2020-12-28 08:40:15,2020-12-28 08:52:11,2020-12-28 09:00:06,2020-12-28 09:11:58,2020-12-28 09:23:50,2020-12-28 09:38:43,2020-12-28 09:53:36,2020-12-28 10:08:29,2020-12-28 10:24:21,2020-12-28 10:37:16,2020-12-28 10:57:09,2020-12-28 11:09:04,2020-12-28 11:22:58,2020-12-28 11:39:52,2020-12-28 11:53:47,2020-12-28 12:09:36,2020-12-28 12:35:25,2020-12-28 12:44:22,2020-12-28 13:02:14,2020-12-28 13:25:03,2020-12-28 13:41:56,2020-12-28 14:07:46,2020-12-28 14:24:39,2020-12-28 14:42:32,2020-12-28 15:00:24,2020-12-28 15:22:19,2020-12-28 15:38:14,2020-12-28 15:52:09,2020-12-28 16:09:03,2020-12-28 16:26:55,2020-12-28 16:38:52,2020-12-28 16:53:46,2020-12-28 17:08:39,2020-12-28 17:28:31,2020-12-28 17:33:27,2020-12-28 17:46:22,2020-12-28 17:54:19,2020-12-28 18:03:17,2020-12-28 18:15:13,2020-12-28 18:30:07,2020-12-28 18:39:03,2020-12-28 18:56:56,2020-12-28 19:08:51,2020-12-28 19:23:46,2020-12-28 19:38:41,2020-12-28 19:53:36,2020-12-28 20:09:31,2020-12-28 20:23:26,2020-12-28 20:44:19,2020-12-28 21:02:13,2020-12-28 21:24:05,2020-12-28 21:42:01,2020-12-28 21:59:56,2020-12-28 22:18:48,2020-12-28 22:44:39,2020-12-28 23:08:30,2020-12-28 23:31:23
16,2020-12-28 05:22:47,2020-12-28 05:43:37,2020-12-28 06:02:30,2020-12-28 06:23:23,2020-12-28 06:45:14,2020-12-28 06:59:10,2020-12-28 07:06:06,2020-12-28 07:17:00,2020-12-28 07:26:54,2020-12-28 07:36:50,2020-12-28 07:50:43,2020-12-28 07:51:43,2020-12-28 08:03:36,2020-12-28 08:12:30,2020-12-28 08:16:28,2020-12-28 08:25:23,2020-12-28 08:35:18,2020-12-28 08:42:14,2020-12-28 08:54:09,2020-12-28 09:02:04,2020-12-28 09:13:57,2020-12-28 09:25:49,2020-12-28 09:40:41,2020-12-28 09:56:35,2020-12-28 10:10:28,2020-12-28 10:26:21,2020-12-28 10:39:15,2020-12-28 10:59:08,2020-12-28 11:11:04,2020-12-28 11:24:58,2020-12-28 11:41:51,2020-12-28 11:55:45,2020-12-28 12:11:35,2020-12-28 12:37:24,2020-12-28 12:47:20,2020-12-28 13:04:13,2020-12-28 13:27:03,2020-12-28 13:43:55,2020-12-28 14:09:46,2020-12-28 14:26:38,2020-12-28 14:44:30,2020-12-28 15:02:23,2020-12-28 15:24:19,2020-12-28 15:40:13,2020-12-28 15:54:08,2020-12-28 16:11:02,2020-12-28 16:28:54,2020-12-28 16:41:51,2020-12-28 16:55:46,2020-12-28 17:10:37,2020-12-28 17:30:30,2020-12-28 17:35:26,2020-12-28 17:49:21,2020-12-28 17:57:18,2020-12-28 18:05:17,2020-12-28 18:17:13,2020-12-28 18:34:06,2020-12-28 18:41:03,2020-12-28 18:59:56,2020-12-28 19:10:50,2020-12-28 19:25:46,2020-12-28 19:40:41,2020-12-28 19:55:35,2020-12-28 20:10:30,2020-12-28 20:25:26,2020-12-28 20:46:19,2020-12-28 21:04:12,2020-12-28 21:26:05,2020-12-28 21:44:00,2020-12-28 22:01:55,2020-12-28 22:19:48,2020-12-28 22:46:38,2020-12-28 23:10:29,2020-12-28 23:33:22
17,2020-12-28 05:24:45,2020-12-28 05:45:37,2020-12-28 06:04:29,2020-12-28 06:25:22,2020-12-28 06:49:13,2020-12-28 07:02:08,2020-12-28 07:08:05,2020-12-28 07:19:59,2020-12-28 07:28:53,2020-12-28 07:38:49,2020-12-28 07:52:42,2020-12-28 07:53:42,2020-12-28 08:05:34,2020-12-28 08:14:28,2020-12-28 08:18:27,2020-12-28 08:27:22,2020-12-28 08:37:17,2020-12-28 08:44:14,2020-12-28 08:56:08,2020-12-28 09:04:03,2020-12-28 09:15:55,2020-12-28 09:27:48,2020-12-28 09:41:40,2020-12-28 09:58:33,2020-12-28 10:12:27,2020-12-28 10:28:20,2020-12-28 10:41:14,2020-12-28 11:01:07,2020-12-28 11:13:04,2020-12-28 11:26:56,2020-12-28 11:43:51,2020-12-28 11:57:44,2020-12-28 12:13:35,2020-12-28 12:39:23,2020-12-28 12:49:20,2020-12-28 13:05:12,2020-12-28 13:29:02,2020-12-28 13:45:54,2020-12-28 14:11:44,2020-12-28 14:28:36,2020-12-28 14:46:29,2020-12-28 15:04:23,2020-12-28 15:25:19,2020-12-28 15:42:13,2020-12-28 15:56:08,2020-12-28 16:13:02,2020-12-28 16:30:54,2020-12-28 16:43:50,2020-12-28 16:57:45,2020-12-28 17:12:36,2020-12-28 17:32:28,2020-12-28 17:37:24,2020-12-28 17:51:20,2020-12-28 17:59:18,2020-12-28 18:07:16,2020-12-28 18:20:12,2020-12-28 18:36:05,2020-12-28 18:44:02,2020-12-28 19:01:54,2020-12-28 19:13:49,2020-12-28 19:27:45,2020-12-28 19:42:40,2020-12-28 19:57:34,2020-12-28 20:12:29,2020-12-28 20:27:24,2020-12-28 20:47:18,2020-12-28 21:06:11,2020-12-28 21:28:04,2020-12-28 21:46:00,2020-12-28 22:03:55,2020-12-28 22:21:48,2020-12-28 22:48:37,2020-12-28 23:11:29,2020-12-28 23:35:21
18,2020-12-28 05:26:44,2020-12-28 05:47:36,2020-12-28 06:06:29,2020-12-28 06:28:21,2020-12-28 06:51:13,2020-12-28 07:04:07,2020-12-28 07:10:04,2020-12-28 07:21:57,2020-12-28 07:30:52,2020-12-28 07:40:49,2020-12-28 07:54:41,2020-12-28 07:55:40,2020-12-28 08:07:33,2020-12-28 08:16:28,2020-12-28 08:20:25,2020-12-28 08:29:20,2020-12-28 08:39:16,2020-12-28 08:45:14,2020-12-28 08:58:07,2020-12-28 09:06:02,2020-12-28 09:17:54,2020-12-28 09:29:46,2020-12-28 09:43:40,2020-12-28 09:59:33,2020-12-28 10:14:26,2020-12-28 10:29:19,2020-12-28 10:43:14,2020-12-28 11:03:05,2020-12-28 11:14:04,2020-12-28 11:27:55,2020-12-28 11:44:50,2020-12-28 11:59:42,2020-12-28 12:14:34,2020-12-28 12:40:23,2020-12-28 12:51:19,2020-12-28 13:07:11,2020-12-28 13:31:01,2020-12-28 13:46:53,2020-12-28 14:12:44,2020-12-28 14:30:36,2020-12-28 14:47:28,2020-12-28 15:06:23,2020-12-28 15:27:18,2020-12-28 15:45:12,2020-12-28 16:01:06,2020-12-28 16:17:00,2020-12-28 16:36:52,2020-12-28 16:49:48,2020-12-28 17:03:42,2020-12-28 17:16:34,2020-12-28 17:37:24,2020-12-28 17:42:23,2020-12-28 17:55:19,2020-12-28 18:03:17,2020-12-28 18:10:15,2020-12-28 18:25:10,2020-12-28 18:40:03,2020-12-28 18:45:01,2020-12-28 19:04:52,2020-12-28 19:15:49,2020-12-28 19:29:44,2020-12-28 19:44:39,2020-12-28 19:59:34,2020-12-28 20:14:29,2020-12-28 20:29:24,2020-12-28 20:50:17,2020-12-28 21:08:10,2020-12-28 21:29:04,2020-12-28 21:48:00,2020-12-28 22:05:54,2020-12-28 22:23:47,2020-12-28 22:50:37,2020-12-28 23:13:28,2020-12-28 23:36:20
19,2020-12-28 05:27:44,2020-12-28 05:49:35,2020-12-28 06:08:28,2020-12-28 06:30:20,2020-12-28 06:54:12,2020-12-28 07:08:05,2020-12-28 07:13:03,2020-12-28 07:25:55,2020-12-28 07:33:51,2020-12-28 07:43:48,2020-12-28 07:58:38,2020-12-28 08:00:37,2020-12-28 08:12:30,2020-12-28 08:22:24,2020-12-28 08:26:23,2020-12-28 08:33:18,2020-12-28 08:43:14,2020-12-28 08:50:12,2020-12-28 09:00:06,2020-12-28 09:08:01,2020-12-28 09:21:51,2020-12-28 09:31:46,2020-12-28 09:46:39,2020-12-28 10:03:32,2020-12-28 10:17:24,2020-12-28 10:32:19,2020-12-28 10:46:13,2020-12-28 11:06:05,2020-12-28 11:17:03,2020-12-28 11:30:54,2020-12-28 11:48:48,,2020-12-28 12:16:34,2020-12-28 12:44:22,2020-12-28 12:55:17,2020-12-28 13:10:10,2020-12-28 13:33:59,2020-12-28 13:50:53,2020-12-28 14:15:43,2020-12-28 14:33:35,2020-12-28 14:50:27,2020-12-28 15:08:22,2020-12-28 15:29:17,2020-12-28 15:46:11,2020-12-28 16:04:04,2020-12-28 16:21:57,2020-12-28 16:38:52,2020-12-28 16:52:46,2020-12-28 17:06:40,2020-12-28 17:20:33,2020-12-28 17:39:24,2020-12-28 17:45:22,2020-12-28 17:59:18,2020-12-28 18:07:16,2020-12-28 18:17:13,2020-12-28 18:28:08,2020-12-28 18:45:01,2020-12-28 18:52:59,2020-12-28 19:08:51,2020-12-28 19:19:48,2020-12-28 19:34:43,2020-12-28 19:47:38,2020-12-28 20:02:33,2020-12-28 20:16:29,2020-12-28 20:33:22,2020-12-28 20:54:16,2020-12-28 21:12:09,2020-12-28 21:33:03,2020-12-28 21:49:59,2020-12-28 22:07:53,2020-12-28 22:25:46,2020-12-28 22:52:36,2020-12-28 23:15:27,2020-12-28 23:38:19
20,2020-12-28 05:29:43,2020-12-28 05:50:35,2020-12-28 06:09:28,2020-12-28 06:32:19,2020-12-28 06:56:11,2020-12-28 07:10:04,2020-12-28 07:15:02,2020-12-28 07:26:54,2020-12-28 07:35:50,2020-12-28 07:45:46,2020-12-28 07:59:38,2020-12-28 08:01:36,2020-12-28 08:13:29,2020-12-28 08:24:23,2020-12-28 08:27:22,2020-12-28 08:34:18,2020-12-28 08:44:14,2020-12-28 08:51:11,2020-12-28 09:02:04,2020-12-28 09:09:00,2020-12-28 09:23:50,2020-12-28 09:33:45,2020-12-28 09:47:39,2020-12-28 10:04:32,2020-12-28 10:18:23,2020-12-28 10:33:18,2020-12-28 10:47:12,2020-12-28 11:07:05,2020-12-28 11:19:02,2020-12-28 11:32:54,2020-12-28 11:49:48,2020-12-28 12:02:41,2020-12-28 12:20:32,2020-12-28 12:45:22,2020-12-28 12:56:16,2020-12-28 13:11:09,2020-12-28 13:34:59,2020-12-28 13:52:52,2020-12-28 14:17:42,2020-12-28 14:34:34,2020-12-28 14:51:27,2020-12-28 15:10:21,2020-12-28 15:31:16,2020-12-28 15:47:11,2020-12-28 16:05:04,,2020-12-28 16:39:52,2020-12-28 16:54:46,2020-12-28 17:07:39,2020-12-28 17:22:32,2020-12-28 17:40:24,2020-12-28 17:47:21,2020-12-28 18:00:18,2020-12-28 18:08:16,2020-12-28 18:18:13,2020-12-28 18:29:07,2020-12-28 18:46:01,2020-12-28 18:53:58,2020-12-28 19:10:50,2020-12-28 19:21:47,2020-12-28 19:35:42,2020-12-28 19:49:38,2020-12-28 20:03:32,2020-12-28 20:17:29,2020-12-28 20:34:22,2020-12-28 20:55:15,2020-12-28 21:13:09,2020-12-28 21:34:03,2020-12-28 21:51:58,2020-12-28 22:08:53,2020-12-28 22:26:46,2020-12-28 22:53:35,2020-12-28 23:16:28,2020-12-28 23:39:19
21,2020-12-28 05:31:42,2020-12-28 05:53:33,2020-12-28 06:11:27,2020-12-28 06:33:19,2020-12-28 06:58:10,2020-12-28 07:11:03,2020-12-28 07:17:00,2020-12-28 07:28:53,2020-12-28 07:37:49,2020-12-28 07:47:46,,2020-12-28 08:03:36,2020-12-28 08:15:28,2020-12-28 08:26:23,2020-12-28 08:29:20,2020-12-28 08:37:17,2020-12-28 08:46:14,2020-12-28 08:54:09,2020-12-28 09:04:03,2020-12-28 09:10:59,2020-12-28 09:25:49,2020-12-28 09:34:45,2020-12-28 09:49:38,2020-12-28 10:06:30,2020-12-28 10:20:23,2020-12-28 10:35:16,2020-12-28 10:49:11,2020-12-28 11:09:04,2020-12-28 11:21:00,2020-12-28 11:34:53,2020-12-28 11:50:48,2020-12-28 12:04:40,2020-12-28 12:22:32,2020-12-28 12:47:20,2020-12-28 12:58:16,2020-12-28 13:13:09,2020-12-28 13:36:58,2020-12-28 13:54:52,2020-12-28 14:19:41,2020-12-28 14:37:33,2020-12-28 14:53:26,2020-12-28 15:12:21,2020-12-28 15:32:16,2020-12-28 15:49:09,2020-12-28 16:07:03,,2020-12-28 16:41:51,2020-12-28 16:55:46,2020-12-28 17:09:38,2020-12-28 17:24:32,2020-12-28 17:43:23,2020-12-28 17:48:21,2020-12-28 18:02:18,2020-12-28 18:10:15,2020-12-28 18:20:12,2020-12-28 18:31:07,2020-12-28 18:48:00,2020-12-28 18:55:56,2020-12-28 19:12:50,2020-12-28 19:22:46,2020-12-28 19:37:42,2020-12-28 19:50:37,2020-12-28 20:05:32,2020-12-28 20:19:28,2020-12-28 20:36:21,2020-12-28 20:57:14,2020-12-28 21:15:08,2020-12-28 21:36:02,2020-12-28 21:52:58,2020-12-28 22:10:52,2020-12-28 22:28:45,2020-12-28 22:55:34,2020-12-28 23:17:27,2020-12-28 23:40:18
22,2020-12-28 05:33:42,2020-12-28 05:54:33,2020-12-28 06:13:26,2020-12-28 06:36:17,2020-12-28 07:01:09,2020-12-28 07:14:02,2020-12-28 07:19:59,2020-12-28 07:32:51,2020-12-28 07:40:49,2020-12-28 07:50:43,2020-12-28 08:05:34,2020-12-28 08:05:34,2020-12-28 08:17:27,2020-12-28 08:29:20,2020-12-28 08:31:19,2020-12-28 08:42:14,2020-12-28 08:49:12,2020-12-28 08:57:07,2020-12-28 09:07:01,2020-12-28 09:13:57,2020-12-28 09:27:48,2020-12-28 09:36:45,2020-12-28 09:52:37,2020-12-28 10:07:29,2020-12-28 10:22:23,2020-12-28 10:38:15,2020-12-28 10:53:10,2020-12-28 11:12:04,2020-12-28 11:23:58,2020-12-28 11:37:52,2020-12-28 11:52:47,2020-12-28 12:05:39,2020-12-28 12:24:31,,2020-12-28 13:01:15,2020-12-28 13:15:07,2020-12-28 13:38:57,2020-12-28 13:57:50,2020-12-28 14:22:40,2020-12-28 14:40:32,2020-12-28 14:56:25,2020-12-28 15:15:20,2020-12-28 15:34:16,,2020-12-28 16:09:03,2020-12-28 16:26:55,2020-12-28 16:44:50,2020-12-28 16:58:45,,2020-12-28 17:26:32,2020-12-28 17:46:22,2020-12-28 17:51:20,2020-12-28 18:05:17,2020-12-28 18:14:14,2020-12-28 18:22:12,2020-12-28 18:34:06,2020-12-28 18:50:59,2020-12-28 18:56:56,2020-12-28 19:14:49,2020-12-28 19:25:46,2020-12-28 19:40:41,2020-12-28 19:53:36,2020-12-28 20:08:31,2020-12-28 20:22:26,2020-12-28 20:39:21,,2020-12-28 21:16:08,2020-12-28 21:37:02,2020-12-28 21:55:57,2020-12-28 22:13:51,2020-12-28 22:30:45,2020-12-28 22:56:34,,2020-12-28 23:43:17
23,2020-12-28 05:35:41,2020-12-28 05:55:33,2020-12-28 06:15:26,2020-12-28 06:37:17,2020-12-28 07:02:08,2020-12-28 07:17:00,2020-12-28 07:22:57,2020-12-28 07:34:51,2020-12-28 07:42:48,2020-12-28 07:53:42,2020-12-28 08:07:33,2020-12-28 08:08:33,2020-12-28 08:19:26,2020-12-28 08:30:20,2020-12-28 08:33:18,2020-12-28 08:44:14,2020-12-28 08:51:11,2020-12-28 09:00:06,2020-12-28 09:08:01,2020-12-28 09:15:55,2020-12-28 09:29:46,2020-12-28 09:38:43,2020-12-28 09:53:36,2020-12-28 10:10:28,2020-12-28 10:24:21,2020-12-28 10:40:14,2020-12-28 10:54:09,2020-12-28 11:15:04,2020-12-28 11:25:57,2020-12-28 11:38:52,2020-12-28 11:54:46,2020-12-28 12:07:38,2020-12-28 12:26:30,2020-12-28 12:51:19,2020-12-28 13:02:14,2020-12-28 13:17:07,2020-12-28 13:40:56,2020-12-28 13:59:49,2020-12-28 14:24:39,2020-12-28 14:42:32,2020-12-28 14:58:24,2020-12-28 15:18:19,2020-12-28 15:36:15,2020-12-28 15:52:09,2020-12-28 16:11:02,2020-12-28 16:28:54,2020-12-28 16:45:49,2020-12-28 16:59:45,2020-12-28 17:12:36,2020-12-28 17:29:31,2020-12-28 17:47:21,2020-12-28 17:52:19,2020-12-28 18:06:16,2020-12-28 18:15:13,2020-12-28 18:24:10,2020-12-28 18:35:05,2020-12-28 18:51:59,2020-12-28 18:59:56,2020-12-28 19:17:49,2020-12-28 19:26:45,2020-12-28 19:42:40,2020-12-28 19:54:35,2020-12-28 20:11:30,2020-12-28 20:23:26,2020-12-28 20:40:20,2020-12-28 20:59:14,2020-12-28 21:18:08,2020-12-28 21:39:01,2020-12-28 21:57:56,2020-12-28 22:14:50,2020-12-28 22:32:44,2020-12-28 22:59:32,2020-12-28 23:20:26,2020-12-28 23:45:16
24,2020-12-28 05:37:40,2020-12-28 05:57:32,2020-12-28 06:18:24,2020-12-28 06:39:17,2020-12-28 07:07:06,2020-12-28 07:18:59,2020-12-28 07:24:56,2020-12-28 07:37:49,2020-12-28 07:44:47,2020-12-28 07:56:39,2020-12-28 08:10:31,2020-12-28 08:10:31,2020-12-28 08:22:24,2020-12-28 08:35:18,2020-12-28 08:36:18,2020-12-28 08:48:13,2020-12-28 08:53:10,2020-12-28 09:01:05,2020-12-28 09:09:59,2020-12-28 09:17:54,2020-12-28 09:32:45,2020-12-28 09:40:41,2020-12-28 09:55:35,2020-12-28 10:12:27,2020-12-28 10:26:21,2020-12-28 10:43:14,2020-12-28 10:58:09,2020-12-28 11:17:03,2020-12-28 11:27:55,2020-12-28 11:40:52,2020-12-28 11:56:44,2020-12-28 12:10:36,2020-12-28 12:29:28,2020-12-28 12:55:17,2020-12-28 13:04:13,2020-12-28 13:20:06,2020-12-28 13:43:55,2020-12-28 14:02:48,2020-12-28 14:26:38,2020-12-28 14:45:30,2020-12-28 15:01:23,2020-12-28 15:20:19,2020-12-28 15:38:14,2020-12-28 15:55:08,2020-12-28 16:13:02,2020-12-28 16:31:53,2020-12-28 16:47:49,2020-12-28 17:00:44,2020-12-28 17:14:35,2020-12-28 17:32:28,2020-12-28 17:49:21,2020-12-28 17:54:19,2020-12-28 18:08:16,2020-12-28 18:18:13,2020-12-28 18:26:09,2020-12-28 18:40:03,2020-12-28 18:54:57,2020-12-28 19:02:54,2020-12-28 19:19:48,2020-12-28 19:28:45,2020-12-28 19:45:39,2020-12-28 19:56:35,2020-12-28 20:13:29,2020-12-28 20:25:26,2020-12-28 20:41:20,2020-12-28 21:01:13,2020-12-28 21:21:07,2020-12-28 21:42:01,2020-12-28 22:00:56,2020-12-28 22:18:48,2020-12-28 22:35:43,2020-12-28 23:02:31,2020-12-28 23:25:25,2020-12-28 23:47:15
25,2020-12-28 05:40:39,2020-12-28 06:02:30,2020-12-28 06:23:23,2020-12-28 06:43:15,2020-12-28 07:09:05,2020-12-28 07:22:57,2020-12-28 07:30:52,2020-12-28 07:41:49,2020-12-28 07:49:44,2020-12-28 08:00:37,2020-12-28 08:13:29,2020-12-28 08:16:28,2020-12-28 08:27:22,2020-12-28 08:38:16,2020-12-28 08:41:14,2020-12-28 08:51:11,2020-12-28 08:57:07,2020-12-28 09:07:01,2020-12-28 09:13:57,2020-12-28 09:22:50,2020-12-28 09:37:44,2020-12-28 09:45:39,2020-12-28 09:59:33,2020-12-28 10:16:25,2020-12-28 10:30:19,2020-12-28 10:48:11,2020-12-28 11:02:06,2020-12-28 11:21:59,2020-12-28 11:32:54,2020-12-28 11:45:49,2020-12-28 11:58:43,2020-12-28 12:15:34,2020-12-28 12:32:27,2020-12-28 13:01:15,2020-12-28 13:07:11,2020-12-28 13:24:03,2020-12-28 13:46:53,2020-12-28 14:05:47,2020-12-28 14:32:35,2020-12-28 14:48:28,2020-12-28 15:05:23,2020-12-28 15:25:19,2020-12-28 15:43:13,2020-12-28 16:01:06,2020-12-28 16:18:59,2020-12-28 16:36:52,2020-12-28 16:52:46,2020-12-28 17:07:39,2020-12-28 17:21:33,2020-12-28 17:37:24,2020-12-28 17:55:19,2020-12-28 18:00:18,2020-12-28 18:15:13,2020-12-28 18:27:08,2020-12-28 18:34:06,2020-12-28 18:48:00,2020-12-28 19:00:55,2020-12-28 19:07:51,2020-12-28 19:25:46,2020-12-28 19:33:43,2020-12-28 19:50:37,2020-12-28 20:01:33,2020-12-28 20:18:28,2020-12-28 20:30:23,2020-12-28 20:47:18,2020-12-28 21:07:11,2020-12-28 21:24:05,2020-12-28 21:47:00,2020-12-28 22:03:55,2020-12-28 22:22:47,2020-12-28 22:38:42,2020-12-28 23:05:31,2020-12-28 23:26:25,2020-12-28 23:52:13
26,2020-12-28 05:43:37,2020-12-28 06:07:28,2020-12-28 06:27:21,2020-12-28 06:46:14,2020-12-28 07:11:03,2020-12-28 07:26:54,2020-12-28 07:32:51,2020-12-28 07:46:45,2020-12-28 07:55:40,2020-12-28 08:04:35,2020-12-28 08:19:26,2020-12-28 08:20:25,2020-12-28 08:33:18,2020-12-28 08:42:14,2020-12-28 08:45:14,2020-12-28 08:56:08,2020-12-28 09:02:04,2020-12-28 09:10:59,2020-12-28 09:17:54,2020-12-28 09:26:48,2020-12-28 09:39:42,2020-12-28 09:48:38,2020-12-28 10:04:32,2020-12-28 10:20:23,2020-12-28 10:34:17,2020-12-28 10:52:10,2020-12-28 11:08:04,2020-12-28 11:26:56,2020-12-28 11:38:52,2020-12-28 11:51:47,2020-12-28 12:03:41,2020-12-28 12:19:32,2020-12-28 12:37:24,2020-12-28 13:07:11,2020-12-28 13:14:08,2020-12-28 13:29:02,2020-12-28 13:51:52,2020-12-28 14:11:44,2020-12-28 14:38:33,2020-12-28 14:52:27,2020-12-28 15:11:21,2020-12-28 15:29:17,2020-12-28 15:50:09,2020-12-28 16:08:03,2020-12-28 16:26:55,2020-12-28 16:44:50,2020-12-28 16:57:45,2020-12-28 17:14:35,2020-12-28 17:26:32,2020-12-28 17:42:23,2020-12-28 17:59:18,2020-12-28 18:06:16,2020-12-28 18:21:12,2020-12-28 18:36:05,2020-12-28 18:43:02,2020-12-28 18:52:59,2020-12-28 19:05:52,2020-12-28 19:15:49,2020-12-28 19:30:44,2020-12-28 19:37:42,2020-12-28 19:53:36,2020-12-28 20:05:32,2020-12-28 20:24:26,2020-12-28 20:33:22,2020-12-28 20:49:18,2020-12-28 21:09:10,2020-12-28 21:27:04,2020-12-28 21:50:59,2020-12-28 22:08:53,2020-12-28 22:28:45,2020-12-28 22:43:39,2020-12-28 23:08:30,2020-12-28 23:29:24,2020-12-28 23:57:10
27,,2020-12-28 06:10:27,2020-12-28 06:30:20,,,2020-12-28 07:31:52,2020-12-28 07:34:51,2020-12-28 07:50:43,,,,2020-12-28 08:23:24,2020-12-28 08:35:18,2020-12-28 08:45:14,,,,2020-12-28 09:13:57,2020-12-28 09:19:52,,,,,2020-12-28 10:22:23,2020-12-28 10:37:16,2020-12-28 10:55:09,,,,,,,,2020-12-28 13:10:10,,2020-12-28 13:32:00,,2020-12-28 14:13:44,2020-12-28 14:40:32,2020-12-28 14:55:25,2020-12-28 15:13:21,2020-12-28 15:31:16,2020-12-28 15:52:09,,2020-12-28 16:28:54,,,2020-12-28 17:17:34,,,,,,,,2020-12-28 18:54:57,2020-12-28 19:07:51,2020-12-28 19:17:49,,,2020-12-28 19:57:34,2020-12-28 20:07:31,,,,2020-12-28 21:10:10,,,,2020-12-28 22:31:44,,2020-12-28 23:10:29,2020-12-28 23:31:23,
28,2020-12-28 05:45:37,2020-12-28 06:11:27,2020-12-28 06:31:20,2020-12-28 06:51:13,2020-12-28 07:13:03,2020-12-28 07:32:51,2020-12-28 07:36:50,2020-12-28 07:51:43,2020-12-28 07:57:38,2020-12-28 08:07:33,,2020-12-28 08:24:23,2020-12-28 08:37:17,2020-12-28 08:48:13,,2020-12-28 09:01:05,2020-12-28 09:07:01,2020-12-28 09:14:56,2020-12-28 09:20:52,2020-12-28 09:29:46,2020-12-28 09:42:40,2020-12-28 09:51:38,2020-12-28 10:07:29,2020-12-28 10:24:21,2020-12-28 10:38:15,2020-12-28 10:56:08,2020-12-28 11:11:04,2020-12-28 11:28:55,2020-12-28 11:40:52,2020-12-28 11:55:45,2020-12-28 12:07:38,2020-12-28 12:22:32,2020-12-28 12:40:23,2020-12-28 13:11:09,2020-12-28 13:17:07,2020-12-28 13:32:59,2020-12-28 13:55:51,2020-12-28 14:14:44,2020-12-28 14:41:32,2020-12-28 14:57:24,2020-12-28 15:15:20,2020-12-28 15:32:16,2020-12-28 15:53:09,2020-12-28 16:11:02,2020-12-28 16:29:54,2020-12-28 16:46:49,2020-12-28 17:01:43,2020-12-28 17:18:34,2020-12-28 17:31:29,2020-12-28 17:48:21,2020-12-28 18:01:18,2020-12-28 18:08:16,2020-12-28 18:25:10,2020-12-28 18:41:03,2020-12-28 18:45:01,2020-12-28 18:55:56,2020-12-28 19:08:51,2020-12-28 19:18:48,2020-12-28 19:34:43,2020-12-28 19:41:41,2020-12-28 19:58:34,2020-12-28 20:08:31,2020-12-28 20:28:24,2020-12-28 20:38:21,2020-12-28 20:51:16,2020-12-28 21:11:09,2020-12-28 21:32:03,2020-12-28 21:52:58,2020-12-28 22:11:52,2020-12-28 22:32:44,2020-12-28 22:45:39,2020-12-28 23:11:29,2020-12-28 23:32:22,2020-12-29 00:02:08
29,2020-12-28 05:47:36,2020-12-28 06:12:27,2020-12-28 06:32:19,2020-12-28 06:54:12,2020-12-28 07:15:02,2020-12-28 07:34:51,2020-12-28 07:37:49,2020-12-28 07:53:42,2020-12-28 07:59:38,2020-12-28 08:09:32,,2020-12-28 08:26:23,2020-12-28 08:38:16,2020-12-28 08:50:12,,2020-12-28 09:03:04,2020-12-28 09:09:00,2020-12-28 09:16:55,2020-12-28 09:21:51,2020-12-28 09:31:46,2020-12-28 09:44:40,2020-12-28 09:53:36,2020-12-28 10:10:28,2020-12-28 10:25:21,2020-12-28 10:40:14,2020-12-28 10:58:09,2020-12-28 11:14:04,2020-12-28 11:30:54,2020-12-28 11:42:51,2020-12-28 11:57:44,2020-12-28 12:08:37,2020-12-28 12:23:31,2020-12-28 12:43:22,2020-12-28 13:13:09,2020-12-28 13:19:06,2020-12-28 13:33:59,2020-12-28 13:56:50,2020-12-28 14:17:42,2020-12-28 14:43:32,2020-12-28 14:58:24,2020-12-28 15:16:20,2020-12-28 15:34:16,2020-12-28 15:55:08,2020-12-28 16:13:02,2020-12-28 16:31:53,2020-12-28 16:49:48,2020-12-28 17:03:42,2020-12-28 17:20:33,2020-12-28 17:33:27,2020-12-28 17:49:21,2020-12-28 18:04:17,2020-12-28 18:10:15,2020-12-28 18:27:08,2020-12-28 18:44:02,2020-12-28 18:47:01,2020-12-28 18:56:56,2020-12-28 19:10:50,2020-12-28 19:20:48,2020-12-28 19:35:42,2020-12-28 19:43:40,2020-12-28 19:59:34,2020-12-28 20:09:31,2020-12-28 20:30:23,2020-12-28 20:39:21,2020-12-28 20:54:16,2020-12-28 21:13:09,2020-12-28 21:33:03,2020-12-28 21:54:58,2020-12-28 22:13:51,2020-12-28 22:33:43,2020-12-28 22:47:38,2020-12-28 23:12:28,2020-12-28 23:33:22,2020-12-29 00:03:08
30,2020-12-28 05:50:35,2020-12-28 06:13:26,2020-12-28 06:33:19,2020-12-28 06:56:11,2020-12-28 07:18:00,2020-12-28 07:35:50,2020-12-28 07:39:49,2020-12-28 07:55:40,2020-12-28 08:02:36,2020-12-28 08:11:30,,2020-12-28 08:29:20,2020-12-28 08:41:14,2020-12-28 08:53:10,,2020-12-28 09:05:02,2020-12-28 09:11:58,2020-12-28 09:20:52,2020-12-28 09:23:50,2020-12-28 09:34:45,2020-12-28 09:46:39,2020-12-28 09:54:36,2020-12-28 10:12:27,2020-12-28 10:28:20,2020-12-28 10:42:14,2020-12-28 11:01:07,2020-12-28 11:17:03,2020-12-28 11:33:54,2020-12-28 11:46:48,2020-12-28 11:59:42,2020-12-28 12:10:36,2020-12-28 12:25:30,2020-12-28 12:44:22,2020-12-28 13:15:07,2020-12-28 13:22:04,2020-12-28 13:35:59,2020-12-28 14:00:49,2020-12-28 14:21:40,2020-12-28 14:47:28,2020-12-28 15:01:23,2020-12-28 15:18:19,2020-12-28 15:37:15,2020-12-28 15:57:08,2020-12-28 16:17:00,2020-12-28 16:33:53,2020-12-28 16:51:47,2020-12-28 17:05:41,2020-12-28 17:21:33,2020-12-28 17:35:26,2020-12-28 17:52:19,2020-12-28 18:06:16,2020-12-28 18:13:14,2020-12-28 18:31:07,2020-12-28 18:47:01,2020-12-28 18:50:59,2020-12-28 18:59:56,2020-12-28 19:12:50,2020-12-28 19:23:46,2020-12-28 19:38:41,2020-12-28 19:46:38,2020-12-28 20:02:33,2020-12-28 20:11:30,2020-12-28 20:33:22,2020-12-28 20:42:20,2020-12-28 20:56:15,2020-12-28 21:16:08,2020-12-28 21:36:02,2020-12-28 21:56:57,2020-12-28 22:15:50,2020-12-28 22:36:43,2020-12-28 22:53:35,2020-12-28 23:15:27,2020-12-28 23:35:21,2020-12-29 00:04:07
31,2020-12-28 05:52:34,2020-12-28 06:16:26,2020-12-28 06:35:18,2020-12-28 06:59:10,2020-12-28 07:20:58,2020-12-28 07:38:49,2020-12-28 07:42:48,2020-12-28 07:57:38,2020-12-28 08:05:34,2020-12-28 08:13:29,,2020-12-28 08:31:19,2020-12-28 08:45:14,2020-12-28 08:55:08,,2020-12-28 09:08:01,2020-12-28 09:13:57,2020-12-28 09:21:51,2020-12-28 09:25:49,2020-12-28 09:36:45,2020-12-28 09:49:38,2020-12-28 09:56:35,2020-12-28 10:16:25,2020-12-28 10:30:19,2020-12-28 10:46:13,2020-12-28 11:04:05,2020-12-28 11:21:00,2020-12-28 11:36:53,2020-12-28 11:49:48,2020-12-28 12:02:41,2020-12-28 12:13:35,2020-12-28 12:27:30,2020-12-28 12:47:20,2020-12-28 13:18:06,2020-12-28 13:25:03,2020-12-28 13:39:57,2020-12-28 14:03:48,2020-12-28 14:24:39,2020-12-28 14:50:27,2020-12-28 15:04:23,2020-12-28 15:21:19,2020-12-28 15:40:13,2020-12-28 15:59:07,2020-12-28 16:19:58,2020-12-28 16:37:52,2020-12-28 16:53:46,2020-12-28 17:07:39,2020-12-28 17:23:32,2020-12-28 17:38:24,2020-12-28 17:55:19,2020-12-28 18:09:15,2020-12-28 18:17:13,2020-12-28 18:35:05,2020-12-28 18:50:00,2020-12-28 18:52:59,2020-12-28 19:02:54,2020-12-28 19:15:49,2020-12-28 19:26:45,2020-12-28 19:40:41,2020-12-28 19:48:38,2020-12-28 20:04:32,2020-12-28 20:13:29,2020-12-28 20:35:22,2020-12-28 20:44:19,2020-12-28 20:59:14,2020-12-28 21:19:07,2020-12-28 21:40:01,2020-12-28 21:58:56,2020-12-28 22:18:48,2020-12-28 22:38:42,2020-12-28 22:55:34,2020-12-28 23:16:28,2020-12-28 23:36:20,2020-12-29 00:06:07
32,2020-12-28 05:55:33,2020-12-28 06:17:25,2020-12-28 06:38:17,2020-12-28 07:02:08,2020-12-28 07:23:56,2020-12-28 07:40:49,2020-12-28 07:45:46,2020-12-28 08:00:37,2020-12-28 08:08:33,2020-12-28 08:17:27,,2020-12-28 08:34:18,2020-12-28 08:48:13,2020-12-28 08:57:07,,2020-12-28 09:10:59,2020-12-28 09:16:55,2020-12-28 09:25:49,2020-12-28 09:28:47,2020-12-28 09:39:42,2020-12-28 09:51:38,2020-12-28 09:59:33,2020-12-28 10:18:23,2020-12-28 10:33:18,2020-12-28 10:48:11,2020-12-28 11:07:05,2020-12-28 11:23:58,2020-12-28 11:39:52,2020-12-28 11:53:47,2020-12-28 12:04:40,2020-12-28 12:16:34,2020-12-28 12:30:27,2020-12-28 12:49:20,2020-12-28 13:20:06,2020-12-28 13:28:02,2020-12-28 13:45:54,2020-12-28 14:06:46,2020-12-28 14:27:37,2020-12-28 14:52:27,2020-12-28 15:07:22,2020-12-28 15:28:17,2020-12-28 15:46:11,2020-12-28 16:01:06,2020-12-28 16:22:57,2020-12-28 16:45:49,2020-12-28 17:00:44,2020-12-28 17:13:35,2020-12-28 17:29:31,2020-12-28 17:41:23,2020-12-28 17:59:18,2020-12-28 18:15:13,2020-12-28 18:25:10,2020-12-28 18:41:03,2020-12-28 18:53:58,2020-12-28 18:55:56,2020-12-28 19:04:52,2020-12-28 19:17:49,2020-12-28 19:30:44,2020-12-28 19:43:40,2020-12-28 19:51:37,2020-12-28 20:06:31,2020-12-28 20:16:29,2020-12-28 20:37:21,2020-12-28 20:46:19,2020-12-28 21:02:13,2020-12-28 21:22:06,2020-12-28 21:43:00,2020-12-28 22:01:55,2020-12-28 22:20:48,2020-12-28 22:42:40,2020-12-28 22:57:34,2020-12-28 23:18:27,2020-12-28 23:38:19,2020-12-29 00:10:06
33,2020-12-28 05:57:32,,2020-12-28 06:40:16,2020-12-28 07:04:07,2020-12-28 07:24:56,2020-12-28 07:42:48,2020-12-28 07:47:46,2020-12-28 08:02:36,2020-12-28 08:09:32,2020-12-28 08:19:26,,2020-12-28 08:35:18,2020-12-28 08:50:12,2020-12-28 08:59:06,,2020-12-28 09:12:57,2020-12-28 09:18:53,,2020-12-28 09:30:46,2020-12-28 09:41:40,2020-12-28 09:53:36,,2020-12-28 10:19:23,,,2020-12-28 11:10:04,2020-12-28 11:25:57,2020-12-28 11:41:51,,2020-12-28 12:06:39,2020-12-28 12:18:33,2020-12-28 12:32:27,2020-12-28 12:51:19,2020-12-28 13:22:04,2020-12-28 13:30:02,,,2020-12-28 14:29:36,2020-12-28 14:55:25,,2020-12-28 15:30:17,2020-12-28 15:48:10,2020-12-28 16:03:05,2020-12-28 16:24:57,2020-12-28 16:47:49,2020-12-28 17:02:42,2020-12-28 17:15:35,2020-12-28 17:31:29,2020-12-28 17:43:23,2020-12-28 18:01:18,2020-12-28 18:17:13,2020-12-28 18:26:09,2020-12-28 18:43:02,2020-12-28 18:55:56,2020-12-28 18:57:56,2020-12-28 19:06:52,,,2020-12-28 19:45:39,,2020-12-28 20:07:31,2020-12-28 20:18:28,2020-12-28 20:39:21,2020-12-28 20:48:18,,2020-12-28 21:24:05,2020-12-28 21:44:00,2020-12-28 22:03:55,2020-12-28 22:22:47,,2020-12-28 22:59:32,,,2020-12-29 00:12:05
34,2020-12-28 05:58:32,2020-12-28 06:19:24,2020-12-28 06:41:15,2020-12-28 07:05:07,2020-12-28 07:25:55,2020-12-28 07:43:48,2020-12-28 07:48:45,2020-12-28 08:03:36,2020-12-28 08:10:31,2020-12-28 08:20:25,,2020-12-28 08:36:18,2020-12-28 08:51:11,2020-12-28 09:00:06,,2020-12-28 09:13:57,2020-12-28 09:20:52,2020-12-28 09:27:48,2020-12-28 09:31:46,2020-12-28 09:42:40,2020-12-28 09:54:36,2020-12-28 10:01:33,2020-12-28 10:20:23,2020-12-28 10:35:16,2020-12-28 10:50:11,2020-12-28 11:11:04,2020-12-28 11:26:56,2020-12-28 11:42:51,2020-12-28 11:55:45,2020-12-28 12:07:38,2020-12-28 12:19:32,2020-12-28 12:33:26,2020-12-28 12:52:19,2020-12-28 13:23:04,2020-12-28 13:31:01,2020-12-28 13:47:53,2020-12-28 14:09:46,2020-12-28 14:30:36,2020-12-28 14:56:25,2020-12-28 15:10:21,2020-12-28 15:31:16,2020-12-28 15:49:09,2020-12-28 16:04:04,2020-12-28 16:26:55,2020-12-28 16:48:49,2020-12-28 17:04:42,2020-12-28 17:18:34,2020-12-28 17:32:28,2020-12-28 17:44:22,2020-12-28 18:02:18,2020-12-28 18:18:13,2020-12-28 18:27:08,2020-12-28 18:44:02,2020-12-28 18:56:56,2020-12-28 18:58:56,2020-12-28 19:07:51,2020-12-28 19:20:48,2020-12-28 19:32:43,2020-12-28 19:46:38,2020-12-28 19:53:36,2020-12-28 20:08:31,2020-12-28 20:19:28,2020-12-28 20:40:20,2020-12-28 20:49:18,2020-12-28 21:05:12,2020-12-28 21:25:05,2020-12-28 21:45:00,2020-12-28 22:04:54,2020-12-28 22:23:47,2020-12-28 22:44:39,2020-12-28 23:00:32,2020-12-28 23:20:26,2020-12-28 23:40:18,2020-12-29 00:13:04
35,2020-12-28 06:01:31,2020-12-28 06:22:23,2020-12-28 06:45:14,2020-12-28 07:10:04,2020-12-28 07:30:52,2020-12-28 07:47:46,2020-12-28 07:51:43,2020-12-28 08:06:34,2020-12-28 08:16:28,2020-12-28 08:23:24,,2020-12-28 08:40:15,2020-12-28 08:55:08,2020-12-28 09:03:04,,2020-12-28 09:15:55,2020-12-28 09:23:50,2020-12-28 09:30:46,2020-12-28 09:36:45,2020-12-28 09:47:39,2020-12-28 09:58:33,2020-12-28 10:04:32,2020-12-28 10:25:21,2020-12-28 10:39:15,2020-12-28 10:54:09,2020-12-28 11:15:04,2020-12-28 11:28:55,2020-12-28 11:46:48,2020-12-28 12:00:41,2020-12-28 12:10:36,2020-12-28 12:24:31,2020-12-28 12:35:25,2020-12-28 12:56:16,2020-12-28 13:27:03,2020-12-28 13:34:59,2020-12-28 13:51:52,2020-12-28 14:13:44,2020-12-28 14:34:34,2020-12-28 14:59:24,2020-12-28 15:13:21,2020-12-28 15:37:15,2020-12-28 15:52:09,2020-12-28 16:08:03,2020-12-28 16:29:54,2020-12-28 16:51:47,2020-12-28 17:09:38,2020-12-28 17:23:32,2020-12-28 17:36:26,2020-12-28 17:48:21,2020-12-28 18:07:16,2020-12-28 18:23:11,2020-12-28 18:32:07,2020-12-28 18:50:00,2020-12-28 19:00:55,2020-12-28 19:04:52,2020-12-28 19:11:50,2020-12-28 19:24:46,2020-12-28 19:35:42,2020-12-28 19:49:38,2020-12-28 19:59:34,2020-12-28 20:10:30,2020-12-28 20:24:26,2020-12-28 20:45:19,2020-12-28 20:52:16,2020-12-28 21:10:10,2020-12-28 21:28:04,2020-12-28 21:48:00,2020-12-28 22:08:53,2020-12-28 22:26:46,2020-12-28 22:47:38,2020-12-28 23:03:31,2020-12-28 23:25:25,2020-12-28 23:45:16,2020-12-29 00:17:02
36,2020-12-28 06:03:29,2020-12-28 06:26:21,2020-12-28 06:51:13,2020-12-28 07:12:03,2020-12-28 07:32:51,2020-12-28 07:49:44,2020-12-28 07:53:42,2020-12-28 08:08:33,2020-12-28 08:17:27,2020-12-28 08:25:23,,2020-12-28 08:42:14,2020-12-28 08:57:07,2020-12-28 09:05:02,,2020-12-28 09:17:54,2020-12-28 09:25:49,2020-12-28 09:31:46,2020-12-28 09:38:43,2020-12-28 09:49:38,2020-12-28 09:59:33,2020-12-28 10:06:30,2020-12-28 10:27:20,2020-12-28 10:41:14,2020-12-28 10:56:08,2020-12-28 11:17:03,2020-12-28 11:31:54,2020-12-28 11:48:48,2020-12-28 12:01:41,2020-12-28 12:13:35,2020-12-28 12:26:30,2020-12-28 12:37:24,2020-12-28 12:58:16,2020-12-28 13:29:02,2020-12-28 13:36:58,2020-12-28 13:53:52,2020-12-28 14:15:43,2020-12-28 14:38:33,2020-12-28 15:01:23,2020-12-28 15:15:20,2020-12-28 15:39:14,2020-12-28 15:54:08,2020-12-28 16:10:03,2020-12-28 16:31:53,2020-12-28 16:53:46,2020-12-28 17:11:37,2020-12-28 17:25:32,2020-12-28 17:39:24,2020-12-28 17:50:21,2020-12-28 18:11:14,2020-12-28 18:25:10,2020-12-28 18:35:05,2020-12-28 18:51:59,2020-12-28 19:02:54,2020-12-28 19:06:52,2020-12-28 19:13:49,2020-12-28 19:27:45,2020-12-28 19:37:42,2020-12-28 19:51:37,2020-12-28 20:01:33,2020-12-28 20:12:29,2020-12-28 20:26:25,2020-12-28 20:46:19,2020-12-28 20:54:16,2020-12-28 21:12:09,2020-12-28 21:30:03,2020-12-28 21:49:59,2020-12-28 22:10:52,2020-12-28 22:28:45,2020-12-28 22:49:37,2020-12-28 23:05:31,2020-12-28 23:26:25,2020-12-28 23:46:16,2020-12-29 00:18:01
37,2020-12-28 06:06:29,2020-12-28 06:30:20,2020-12-28 06:56:11,2020-12-28 07:14:02,2020-12-28 07:34:51,2020-12-28 07:51:43,2020-12-28 07:55:40,2020-12-28 08:09:32,2020-12-28 08:19:26,2020-12-28 08:27:22,,2020-12-28 08:44:14,2020-12-28 08:58:07,2020-12-28 09:06:02,,2020-12-28 09:19:52,2020-12-28 09:27:48,2020-12-28 09:33:45,2020-12-28 09:40:41,2020-12-28 09:51:38,2020-12-28 10:01:33,2020-12-28 10:08:29,2020-12-28 10:29:19,2020-12-28 10:43:14,2020-12-28 10:58:09,2020-12-28 11:19:02,2020-12-28 11:32:54,2020-12-28 11:50:48,2020-12-28 12:03:41,2020-12-28 12:15:34,2020-12-28 12:28:29,2020-12-28 12:39:23,2020-12-28 13:00:15,2020-12-28 13:31:01,2020-12-28 13:37:57,2020-12-28 13:55:51,2020-12-28 14:16:43,2020-12-28 14:40:32,2020-12-28 15:03:23,2020-12-28 15:17:20,2020-12-28 15:41:13,2020-12-28 15:55:08,2020-12-28 16:12:02,2020-12-28 16:33:53,2020-12-28 16:55:46,2020-12-28 17:13:35,2020-12-28 17:26:32,2020-12-28 17:41:23,2020-12-28 17:52:19,2020-12-28 18:13:14,2020-12-28 18:27:08,2020-12-28 18:37:04,2020-12-28 18:53:58,2020-12-28 19:04:52,2020-12-28 19:08:51,2020-12-28 19:16:49,2020-12-28 19:29:44,2020-12-28 19:39:41,2020-12-28 19:53:36,2020-12-28 20:03:32,2020-12-28 20:14:29,2020-12-28 20:28:24,2020-12-28 20:48:18,2020-12-28 20:56:15,2020-12-28 21:15:08,2020-12-28 21:33:03,2020-12-28 21:51:58,2020-12-28 22:12:51,2020-12-28 22:30:45,2020-12-28 22:51:37,2020-12-28 23:06:30,2020-12-28 23:28:25,2020-12-28 23:48:15,2020-12-29 00:20:00
38,2020-12-28 06:08:28,2020-12-28 06:32:19,2020-12-28 06:58:10,2020-12-28 07:16:01,2020-12-28 07:35:50,2020-12-28 07:53:42,2020-12-28 07:57:38,2020-12-28 08:11:30,2020-12-28 08:21:24,2020-12-28 08:29:20,,2020-12-28 08:46:14,2020-12-28 09:00:06,2020-12-28 09:08:01,,2020-12-28 09:21:51,2020-12-28 09:28:47,2020-12-28 09:35:45,2020-12-28 09:42:40,2020-12-28 09:53:36,2020-12-28 10:03:32,2020-12-28 10:10:28,2020-12-28 10:31:19,2020-12-28 10:45:13,2020-12-28 11:00:07,2020-12-28 11:21:00,2020-12-28 11:34:53,2020-12-28 11:52:47,2020-12-28 12:05:39,2020-12-28 12:17:33,2020-12-28 12:30:27,2020-12-28 12:41:23,2020-12-28 13:01:15,2020-12-28 13:32:00,2020-12-28 13:39:57,2020-12-28 13:57:50,2020-12-28 14:18:42,2020-12-28 14:42:32,2020-12-28 15:05:23,2020-12-28 15:18:19,2020-12-28 15:43:13,2020-12-28 15:57:08,2020-12-28 16:14:02,2020-12-28 16:35:53,2020-12-28 16:57:45,2020-12-28 17:15:35,2020-12-28 17:28:31,2020-12-28 17:43:23,2020-12-28 17:54:19,2020-12-28 18:15:13,2020-12-28 18:29:07,2020-12-28 18:38:03,2020-12-28 18:55:56,2020-12-28 19:06:52,2020-12-28 19:10:50,2020-12-28 19:18:48,2020-12-28 19:31:44,2020-12-28 19:41:41,2020-12-28 19:55:35,2020-12-28 20:05:32,2020-12-28 20:16:29,2020-12-28 20:30:23,2020-12-28 20:50:17,2020-12-28 20:57:14,2020-12-28 21:17:08,2020-12-28 21:35:03,2020-12-28 21:53:58,2020-12-28 22:13:51,2020-12-28 22:32:44,2020-12-28 22:53:35,2020-12-28 23:08:30,2020-12-28 23:29:24,2020-12-28 23:49:14,2020-12-29 00:21:59
39,2020-12-28 06:10:27,2020-12-28 06:33:19,2020-12-28 07:00:09,2020-12-28 07:17:00,2020-12-28 07:37:49,2020-12-28 07:54:41,2020-12-28 07:58:38,2020-12-28 08:13:29,2020-12-28 08:22:24,2020-12-28 08:30:20,,2020-12-28 08:47:14,2020-12-28 09:02:04,2020-12-28 09:09:59,,2020-12-28 09:22:50,2020-12-28 09:30:46,2020-12-28 09:37:44,2020-12-28 09:43:40,2020-12-28 09:54:36,2020-12-28 10:04:32,2020-12-28 10:11:28,2020-12-28 10:32:19,2020-12-28 10:46:13,2020-12-28 11:01:07,2020-12-28 11:22:58,2020-12-28 11:36:53,2020-12-28 11:53:47,2020-12-28 12:06:39,2020-12-28 12:18:33,2020-12-28 12:31:28,2020-12-28 12:43:22,2020-12-28 13:03:14,2020-12-28 13:33:59,2020-12-28 13:40:56,2020-12-28 13:58:49,2020-12-28 14:19:41,2020-12-28 14:43:32,2020-12-28 15:06:23,2020-12-28 15:20:19,2020-12-28 15:44:12,2020-12-28 15:59:07,2020-12-28 16:15:01,2020-12-28 16:36:52,2020-12-28 16:58:45,2020-12-28 17:17:34,2020-12-28 17:30:30,2020-12-28 17:44:22,2020-12-28 17:56:18,2020-12-28 18:16:13,2020-12-28 18:30:07,2020-12-28 18:40:03,2020-12-28 18:56:56,2020-12-28 19:08:51,2020-12-28 19:12:50,2020-12-28 19:19:48,2020-12-28 19:32:43,2020-12-28 19:43:40,2020-12-28 19:57:34,2020-12-28 20:07:31,2020-12-28 20:17:29,2020-12-28 20:31:23,2020-12-28 20:51:16,2020-12-28 20:59:14,2020-12-28 21:19:07,2020-12-28 21:37:02,2020-12-28 21:54:58,2020-12-28 22:15:50,2020-12-28 22:33:43,2020-12-28 22:54:35,2020-12-28 23:10:29,2020-12-28 23:31:23,2020-12-28 23:51:13,2020-12-29 00:22:58
40,2020-12-28 06:12:27,2020-12-28 06:35:18,2020-12-28 07:01:09,2020-12-28 07:18:00,2020-12-28 07:38:49,2020-12-28 07:55:40,2020-12-28 08:00:37,2020-12-28 08:14:28,2020-12-28 08:24:23,2020-12-28 08:31:19,,2020-12-28 08:49:12,2020-12-28 09:03:04,2020-12-28 09:10:59,,2020-12-28 09:24:49,2020-12-28 09:31:46,2020-12-28 09:38:43,2020-12-28 09:45:39,2020-12-28 09:56:35,2020-12-28 10:06:30,2020-12-28 10:13:26,2020-12-28 10:33:18,2020-12-28 10:48:11,2020-12-28 11:02:06,2020-12-28 11:23:58,2020-12-28 11:37:52,2020-12-28 11:54:46,2020-12-28 12:07:38,2020-12-28 12:20:32,2020-12-28 12:32:27,2020-12-28 12:44:22,2020-12-28 13:04:13,2020-12-28 13:34:59,2020-12-28 13:41:56,2020-12-28 14:00:49,2020-12-28 14:20:41,2020-12-28 14:45:30,2020-12-28 15:08:22,2020-12-28 15:21:19,2020-12-28 15:45:12,2020-12-28 16:00:07,2020-12-28 16:17:00,2020-12-28 16:38:52,2020-12-28 17:00:44,2020-12-28 17:18:34,2020-12-28 17:31:29,2020-12-28 17:45:22,2020-12-28 17:57:18,2020-12-28 18:18:13,2020-12-28 18:32:07,2020-12-28 18:41:03,2020-12-28 18:58:56,2020-12-28 19:09:50,2020-12-28 19:13:49,2020-12-28 19:21:47,2020-12-28 19:33:43,2020-12-28 19:44:39,2020-12-28 19:58:34,2020-12-28 20:08:31,2020-12-28 20:18:28,2020-12-28 20:32:23,2020-12-28 20:53:16,2020-12-28 21:00:13,2020-12-28 21:20:07,2020-12-28 21:38:02,2020-12-28 21:56:57,2020-12-28 22:16:49,2020-12-28 22:35:43,2020-12-28 22:56:34,2020-12-28 23:11:29,2020-12-28 23:32:22,2020-12-28 23:52:13,2020-12-29 00:23:57
41,2020-12-28 06:15:26,2020-12-28 06:37:17,2020-12-28 07:03:07,2020-12-28 07:19:59,2020-12-28 07:40:49,2020-12-28 07:57:38,2020-12-28 08:02:36,2020-12-28 08:16:28,2020-12-28 08:26:23,2020-12-28 08:33:18,,2020-12-28 08:50:12,2020-12-28 09:05:02,2020-12-28 09:12:57,,2020-12-28 09:25:49,2020-12-28 09:33:45,2020-12-28 09:40:41,2020-12-28 09:47:39,2020-12-28 09:57:34,2020-12-28 10:08:29,2020-12-28 10:14:26,2020-12-28 10:35:16,2020-12-28 10:49:11,2020-12-28 11:04:05,2020-12-28 11:25:57,2020-12-28 11:39:52,2020-12-28 11:56:44,2020-12-28 12:09:36,2020-12-28 12:22:32,2020-12-28 12:34:25,2020-12-28 12:46:21,2020-12-28 13:06:12,2020-12-28 13:36:58,2020-12-28 13:43:55,2020-12-28 14:01:49,2020-12-28 14:22:40,2020-12-28 14:46:29,2020-12-28 15:10:21,2020-12-28 15:23:19,2020-12-28 15:47:11,2020-12-28 16:02:05,2020-12-28 16:19:58,2020-12-28 16:39:52,2020-12-28 17:02:42,2020-12-28 17:20:33,2020-12-28 17:33:27,2020-12-28 17:47:21,2020-12-28 17:59:18,2020-12-28 18:20:12,2020-12-28 18:33:07,2020-12-28 18:44:02,2020-12-28 19:00:55,2020-12-28 19:11:50,2020-12-28 19:15:49,2020-12-28 19:22:46,2020-12-28 19:35:42,2020-12-28 19:46:38,2020-12-28 20:00:34,2020-12-28 20:10:30,2020-12-28 20:20:27,2020-12-28 20:34:22,2020-12-28 20:54:16,2020-12-28 21:02:13,2020-12-28 21:22:06,2020-12-28 21:40:01,2020-12-28 21:57:56,2020-12-28 22:18:48,2020-12-28 22:37:42,2020-12-28 22:57:34,2020-12-28 23:13:28,2020-12-28 23:34:21,2020-12-28 23:54:12,2020-12-29 00:25:57
42,2020-12-28 06:17:25,2020-12-28 06:39:17,2020-12-28 07:06:06,2020-12-28 07:22:57,2020-12-28 07:43:48,2020-12-28 08:00:37,2020-12-28 08:04:35,2020-12-28 08:18:27,2020-12-28 08:28:21,2020-12-28 08:35:18,,2020-12-28 08:52:11,2020-12-28 09:07:01,2020-12-28 09:14:56,,2020-12-28 09:28:47,2020-12-28 09:36:45,2020-12-28 09:42:40,2020-12-28 09:49:38,2020-12-28 09:59:33,2020-12-28 10:10:28,2020-12-28 10:16:25,2020-12-28 10:37:16,2020-12-28 10:52:10,2020-12-28 11:06:05,2020-12-28 11:27:55,2020-12-28 11:41:51,2020-12-28 11:58:43,2020-12-28 12:12:35,2020-12-28 12:24:31,2020-12-28 12:36:25,2020-12-28 12:48:20,2020-12-28 13:08:11,2020-12-28 13:38:57,2020-12-28 13:45:54,2020-12-28 14:03:48,2020-12-28 14:24:39,2020-12-28 14:49:27,2020-12-28 15:12:21,2020-12-28 15:25:19,2020-12-28 15:49:09,2020-12-28 16:04:04,2020-12-28 16:20:58,2020-12-28 16:41:51,2020-12-28 17:04:42,2020-12-28 17:22:32,2020-12-28 17:35:26,2020-12-28 17:49:21,2020-12-28 18:01:18,2020-12-28 18:22:12,2020-12-28 18:37:04,2020-12-28 18:46:01,2020-12-28 19:02:54,2020-12-28 19:14:49,2020-12-28 19:17:49,2020-12-28 19:25:46,2020-12-28 19:38:41,2020-12-28 19:48:38,2020-12-28 20:03:32,2020-12-28 20:12:29,2020-12-28 20:23:26,2020-12-28 20:36:21,2020-12-28 20:57:14,2020-12-28 21:04:12,2020-12-28 21:25:05,2020-12-28 21:42:01,2020-12-28 22:00:56,2020-12-28 22:20:48,2020-12-28 22:39:41,2020-12-28 23:00:32,2020-12-28 23:15:27,2020-12-28 23:36:20,2020-12-28 23:56:11,2020-12-29 00:27:56
43,2020-12-28 06:19:24,2020-12-28 06:41:15,2020-12-28 07:08:05,2020-12-28 07:24:56,2020-12-28 07:45:46,,2020-12-28 08:07:33,2020-12-28 08:20:25,2020-12-28 08:30:20,2020-12-28 08:37:17,,2020-12-28 08:54:09,2020-12-28 09:09:00,2020-12-28 09:16:55,,2020-12-28 09:29:46,,2020-12-28 09:43:40,2020-12-28 09:50:38,,2020-12-28 10:11:28,,,2020-12-28 10:53:10,2020-12-28 11:08:04,2020-12-28 11:29:55,,,2020-12-28 12:14:34,,,2020-12-28 12:50:19,2020-12-28 13:10:10,2020-12-28 13:39:57,2020-12-28 13:47:53,2020-12-28 14:05:47,2020-12-28 14:26:38,2020-12-28 14:50:27,2020-12-28 15:14:20,2020-12-28 15:27:18,2020-12-28 15:51:09,,,2020-12-28 16:43:50,2020-12-28 17:05:41,2020-12-28 17:25:32,2020-12-28 17:37:24,2020-12-28 17:52:19,2020-12-28 18:03:17,2020-12-28 18:29:07,2020-12-28 18:41:03,,2020-12-28 19:04:52,2020-12-28 19:16:49,2020-12-28 19:19:48,2020-12-28 19:27:45,,2020-12-28 19:50:37,2020-12-28 20:04:32,2020-12-28 20:14:29,2020-12-28 20:25:26,2020-12-28 20:38:21,2020-12-28 20:58:14,,2020-12-28 21:26:05,2020-12-28 21:44:00,2020-12-28 22:01:55,2020-12-28 22:22:47,2020-12-28 22:41:40,2020-12-28 23:01:31,2020-12-28 23:16:28,,2020-12-28 23:57:10,2020-12-29 00:28:56
44,,2020-12-28 06:42:15,,2020-12-28 07:25:55,,2020-12-28 08:03:36,2020-12-28 08:08:33,2020-12-28 08:21:24,,2020-12-28 08:38:16,,2020-12-28 08:56:08,2020-12-28 09:10:59,,,,2020-12-28 09:38:43,2020-12-28 09:45:39,,2020-12-28 10:01:33,2020-12-28 10:13:26,2020-12-28 10:18:23,2020-12-28 10:39:15,,,2020-12-28 11:30:54,,2020-12-28 12:00:41,2020-12-28 12:15:34,2020-12-28 12:26:30,2020-12-28 12:38:24,,2020-12-28 13:11:09,2020-12-28 13:40:56,,2020-12-28 14:06:46,2020-12-28 14:28:36,,,2020-12-28 15:28:17,2020-12-28 15:52:09,2020-12-28 16:06:04,,2020-12-28 16:44:50,,,2020-12-28 17:39:24,2020-12-28 17:54:19,2020-12-28 18:05:17,2020-12-28 18:32:07,2020-12-28 18:43:02,2020-12-28 18:50:59,2020-12-28 19:07:51,2020-12-28 19:18:48,2020-12-28 19:21:47,2020-12-28 19:29:44,2020-12-28 19:40:41,2020-12-28 19:51:37,,2020-12-28 20:15:29,,2020-12-28 20:39:21,2020-12-28 21:01:13,2020-12-28 21:06:11,2020-12-28 21:27:04,2020-12-28 21:46:00,2020-12-28 22:03:55,,2020-12-28 22:43:39,,2020-12-28 23:18:27,2020-12-28 23:38:19,2020-12-28 23:58:10,
45,2020-12-28 06:21:23,2020-12-28 06:43:15,2020-12-28 07:09:05,2020-12-28 07:26:54,,2020-12-28 08:04:35,2020-12-28 08:09:32,2020-12-28 08:23:24,2020-12-28 08:31:19,2020-12-28 08:39:16,,2020-12-28 08:58:07,2020-12-28 09:11:58,2020-12-28 09:18:53,,2020-12-28 09:31:46,2020-12-28 09:39:42,2020-12-28 09:46:39,2020-12-28 09:51:38,,2020-12-28 10:14:26,2020-12-28 10:19:23,,2020-12-28 10:54:09,2020-12-28 11:09:04,,2020-12-28 11:43:51,,2020-12-28 12:16:34,2020-12-28 12:28:29,2020-12-28 12:39:23,2020-12-28 12:51:19,2020-12-28 13:13:09,2020-12-28 13:41:56,2020-12-28 13:48:53,,2020-12-28 14:29:36,2020-12-28 14:51:27,2020-12-28 15:16:20,,2020-12-28 15:53:09,2020-12-28 16:08:03,,2020-12-28 16:45:49,2020-12-28 17:06:40,2020-12-28 17:26:32,,,2020-12-28 18:06:16,2020-12-28 18:34:06,2020-12-28 18:44:02,2020-12-28 18:52:59,2020-12-28 19:08:51,2020-12-28 19:20:48,2020-12-28 19:23:46,2020-12-28 19:30:44,2020-12-28 19:41:41,2020-12-28 19:53:36,2020-12-28 20:06:31,2020-12-28 20:16:29,2020-12-28 20:26:25,,2020-12-28 21:02:13,2020-12-28 21:08:10,,2020-12-28 21:47:00,2020-12-28 22:04:54,,2020-12-28 22:44:39,2020-12-28 23:03:31,2020-12-28 23:19:27,2020-12-28 23:39:19,2020-12-28 23:59:10,2020-12-29 00:30:54
46,,2020-12-28 06:44:14,2020-12-28 07:11:03,2020-12-28 07:28:53,2020-12-28 07:48:45,2020-12-28 08:06:34,2020-12-28 08:11:30,,,2020-12-28 08:41:14,,2020-12-28 08:59:06,2020-12-28 09:13:57,,,2020-12-28 09:33:45,2020-12-28 09:41:40,2020-12-28 09:48:38,2020-12-28 09:53:36,2020-12-28 10:03:32,2020-12-28 10:16:25,2020-12-28 10:21:23,2020-12-28 10:41:14,2020-12-28 10:56:08,2020-12-28 11:11:04,2020-12-28 11:33:54,,2020-12-28 12:01:41,2020-12-28 12:18:33,,2020-12-28 12:41:23,,2020-12-28 13:14:08,2020-12-28 13:43:55,2020-12-28 13:50:53,2020-12-28 14:08:46,,2020-12-28 14:53:26,2020-12-28 15:19:19,2020-12-28 15:31:16,2020-12-28 15:54:08,2020-12-28 16:09:03,2020-12-28 16:24:57,2020-12-28 16:46:49,2020-12-28 17:09:38,2020-12-28 17:28:31,2020-12-28 17:41:23,2020-12-28 17:56:18,2020-12-28 18:09:15,2020-12-28 18:36:05,2020-12-28 18:47:01,2020-12-28 18:53:58,2020-12-28 19:11:50,2020-12-28 19:21:47,2020-12-28 19:26:45,2020-12-28 19:33:43,2020-12-28 19:43:40,,2020-12-28 20:09:31,,2020-12-28 20:29:24,2020-12-28 20:41:20,2020-12-28 21:04:12,2020-12-28 21:09:10,2020-12-28 21:29:04,2020-12-28 21:48:59,2020-12-28 22:06:54,2020-12-28 22:23:47,2020-12-28 22:46:38,2020-12-28 23:06:30,2020-12-28 23:21:26,2020-12-28 23:41:18,2020-12-29 00:01:09,
47,2020-12-28 06:24:22,2020-12-28 06:45:14,2020-12-28 07:12:03,2020-12-28 07:29:53,2020-12-28 07:49:44,2020-12-28 08:09:32,2020-12-28 08:12:30,2020-12-28 08:24:23,2020-12-28 08:34:18,2020-12-28 08:42:14,,2020-12-28 09:00:06,,2020-12-28 09:21:51,,2020-12-28 09:34:45,2020-12-28 09:42:40,2020-12-28 09:49:38,2020-12-28 09:54:36,2020-12-28 10:04:32,2020-12-28 10:17:24,2020-12-28 10:22:23,2020-12-28 10:42:14,2020-12-28 10:57:09,2020-12-28 11:12:04,2020-12-28 11:34:53,2020-12-28 11:46:48,2020-12-28 12:02:41,2020-12-28 12:19:32,2020-12-28 12:29:28,2020-12-28 12:42:23,2020-12-28 12:54:18,2020-12-28 13:15:07,2020-12-28 13:44:54,,2020-12-28 14:09:46,2020-12-28 14:31:35,2020-12-28 14:54:26,2020-12-28 15:20:19,2020-12-28 15:32:16,2020-12-28 15:55:08,2020-12-28 16:12:02,,2020-12-28 16:47:49,2020-12-28 17:11:37,2020-12-28 17:29:31,2020-12-28 17:42:23,2020-12-28 17:59:18,2020-12-28 18:10:15,2020-12-28 18:37:04,2020-12-28 18:50:00,2020-12-28 18:56:56,2020-12-28 19:12:50,2020-12-28 19:24:46,,2020-12-28 19:34:43,2020-12-28 19:44:39,2020-12-28 19:54:35,2020-12-28 20:12:29,2020-12-28 20:19:28,2020-12-28 20:30:23,2020-12-28 20:42:20,2020-12-28 21:07:11,,2020-12-28 21:32:03,2020-12-28 21:49:59,,2020-12-28 22:26:46,,,,,2020-12-29 00:02:08,2020-12-29 00:31:54
48,2020-12-28 06:27:21,2020-12-28 06:47:14,,2020-12-28 07:31:52,2020-12-28 07:50:43,2020-12-28 08:10:31,2020-12-28 08:13:29,2020-12-28 08:27:22,2020-12-28 08:37:17,2020-12-28 08:44:14,,2020-12-28 09:02:04,2020-12-28 09:14:56,,,2020-12-28 09:35:45,2020-12-28 09:44:40,2020-12-28 09:50:38,2020-12-28 09:55:35,,2020-12-28 10:18:23,,2020-12-28 10:44:14,,,2020-12-28 11:37:52,2020-12-28 11:47:48,2020-12-28 12:04:40,,2020-12-28 12:30:27,2020-12-28 12:44:22,2020-12-28 12:55:17,2020-12-28 13:17:07,2020-12-28 13:46:53,2020-12-28 13:52:52,2020-12-28 14:11:44,2020-12-28 14:32:35,2020-12-28 14:55:25,2020-12-28 15:22:19,2020-12-28 15:33:16,2020-12-28 15:57:08,,2020-12-28 16:26:55,2020-12-28 16:49:48,2020-12-28 17:14:35,2020-12-28 17:32:28,,2020-12-28 18:00:18,2020-12-28 18:12:14,2020-12-28 18:40:03,2020-12-28 18:52:59,2020-12-28 18:57:56,2020-12-28 19:14:49,2020-12-28 19:26:45,2020-12-28 19:27:45,2020-12-28 19:36:42,2020-12-28 19:47:38,2020-12-28 19:57:34,2020-12-28 20:14:29,2020-12-28 20:20:27,2020-12-28 20:32:23,2020-12-28 20:44:19,2020-12-28 21:08:10,2020-12-28 21:10:10,,2020-12-28 21:51:58,2020-12-28 22:09:53,2020-12-28 22:27:45,2020-12-28 22:47:38,2020-12-28 23:07:30,2020-12-28 23:22:26,2020-12-28 23:42:18,2020-12-29 00:03:08,2020-12-29 00:32:54
49,2020-12-28 06:28:21,2020-12-28 06:48:13,2020-12-28 07:15:02,2020-12-28 07:32:51,2020-12-28 07:52:42,2020-12-28 08:12:30,2020-12-28 08:15:28,,2020-12-28 08:38:16,2020-12-28 08:45:14,,2020-12-28 09:03:04,2020-12-28 09:17:54,2020-12-28 09:24:49,,2020-12-28 09:37:44,2020-12-28 09:45:39,2020-12-28 09:52:37,2020-12-28 09:57:34,2020-12-28 10:05:30,2020-12-28 10:20:23,2020-12-28 10:23:22,2020-12-28 10:45:13,2020-12-28 10:58:09,2020-12-28 11:13:04,2020-12-28 11:38:52,2020-12-28 11:49:48,2020-12-28 12:05:39,2020-12-28 12:22:32,2020-12-28 12:32:27,2020-12-28 12:45:22,2020-12-28 12:56:16,2020-12-28 13:18:06,2020-12-28 13:47:53,2020-12-28 13:53:52,2020-12-28 14:12:44,,2020-12-28 14:57:24,2020-12-28 15:25:19,2020-12-28 15:35:15,2020-12-28 15:58:07,2020-12-28 16:13:02,2020-12-28 16:27:55,2020-12-28 16:50:48,2020-12-28 17:15:35,2020-12-28 17:33:27,2020-12-28 17:45:22,2020-12-28 18:02:18,2020-12-28 18:13:14,2020-12-28 18:41:03,2020-12-28 18:54:57,2020-12-28 18:59:56,2020-12-28 19:17:49,2020-12-28 19:27:45,2020-12-28 19:29:44,2020-12-28 19:37:42,2020-12-28 19:48:38,,2020-12-28 20:15:29,2020-12-28 20:22:26,,2020-12-28 20:45:19,2020-12-28 21:10:10,2020-12-28 21:13:09,2020-12-28 21:35:03,2020-12-28 21:52:58,2020-12-28 22:10:52,2020-12-28 22:29:45,2020-12-28 22:49:37,2020-12-28 23:08:30,2020-12-28 23:23:26,2020-12-28 23:43:17,2020-12-29 00:05:07,
50,,,,2020-12-28 07:33:51,,2020-12-28 08:13:29,,2020-12-28 08:28:21,,2020-12-28 08:46:14,,,,2020-12-28 09:25:49,,,2020-12-28 09:46:39,,,2020-12-28 10:06:30,,,2020-12-28 10:46:13,,,,2020-12-28 11:50:48,,2020-12-28 12:23:31,2020-12-28 12:33:26,,,,2020-12-28 13:48:53,,2020-12-28 14:13:44,2020-12-28 14:35:33,,2020-12-28 15:26:18,,,2020-12-28 16:14:02,2020-12-28 16:30:54,2020-12-28 16:52:46,,2020-12-28 17:35:26,2020-12-28 17:48:21,2020-12-28 18:03:17,,2020-12-28 18:43:02,2020-12-28 18:57:56,2020-12-28 19:00:55,2020-12-28 19:18:48,2020-12-28 19:30:44,2020-12-28 19:31:44,2020-12-28 19:38:41,2020-12-28 19:50:37,2020-12-28 19:58:34,,2020-12-28 20:23:26,2020-12-28 20:33:22,2020-12-28 20:46:19,2020-12-28 21:11:09,2020-12-28 21:14:09,2020-12-28 21:36:02,2020-12-28 21:53:58,2020-12-28 22:12:51,,2020-12-28 22:50:37,2020-12-28 23:10:29,2020-12-28 23:25:25,2020-12-28 23:45:16,,
51,2020-12-28 06:29:20,2020-12-28 06:49:13,2020-12-28 07:17:00,2020-12-28 07:34:51,2020-12-28 07:53:42,,2020-12-28 08:16:28,,2020-12-28 08:39:16,2020-12-28 08:47:14,,2020-12-28 09:04:03,2020-12-28 09:18:53,,,2020-12-28 09:38:43,,2020-12-28 09:53:36,2020-12-28 09:58:33,,2020-12-28 10:21:23,2020-12-28 10:24:21,2020-12-28 10:47:12,2020-12-28 11:01:07,2020-12-28 11:14:04,2020-12-28 11:40:52,2020-12-28 11:51:47,2020-12-28 12:06:39,2020-12-28 12:24:31,,2020-12-28 12:46:21,2020-12-28 12:58:16,2020-12-28 13:21:05,2020-12-28 13:49:53,2020-12-28 13:55:51,,2020-12-28 14:36:33,2020-12-28 14:58:24,2020-12-28 15:27:18,2020-12-28 15:36:15,2020-12-28 15:59:07,2020-12-28 16:15:01,2020-12-28 16:31:53,2020-12-28 16:53:46,2020-12-28 17:18:34,2020-12-28 17:36:26,,2020-12-28 18:04:17,2020-12-28 18:16:13,2020-12-28 18:44:02,2020-12-28 18:58:56,2020-12-28 19:01:54,2020-12-28 19:19:48,2020-12-28 19:31:44,2020-12-28 19:32:43,2020-12-28 19:39:41,2020-12-28 19:51:37,2020-12-28 19:59:34,2020-12-28 20:18:28,2020-12-28 20:24:26,,2020-12-28 20:47:18,2020-12-28 21:12:09,2020-12-28 21:15:08,,,2020-12-28 22:13:51,2020-12-28 22:31:44,2020-12-28 22:51:37,,2020-12-28 23:26:25,2020-12-28 23:46:16,2020-12-29 00:06:07,
52,2020-12-28 06:30:20,,2020-12-28 07:18:00,,2020-12-28 07:54:41,2020-12-28 08:14:28,2020-12-28 08:17:27,2020-12-28 08:29:20,,,,,,2020-12-28 09:26:48,,,2020-12-28 09:47:39,,,2020-12-28 10:07:29,,2020-12-28 10:25:21,,,,,,,2020-12-28 12:25:30,2020-12-28 12:34:25,2020-12-28 12:47:20,2020-12-28 12:59:15,2020-12-28 13:22:04,,2020-12-28 13:56:50,2020-12-28 14:14:44,,2020-12-28 14:59:24,2020-12-28 15:28:17,2020-12-28 15:37:15,2020-12-28 16:00:07,2020-12-28 16:16:00,,,,2020-12-28 17:37:24,2020-12-28 17:49:21,,2020-12-28 18:17:13,,2020-12-28 18:59:56,,2020-12-28 19:20:48,,,,,2020-12-28 20:00:34,2020-12-28 20:19:28,2020-12-28 20:25:26,2020-12-28 20:34:22,,,,2020-12-28 21:37:02,2020-12-28 21:54:58,,,,2020-12-28 23:11:29,,,2020-12-29 00:07:06,
53,2020-12-28 06:31:20,2020-12-28 06:50:13,,2020-12-28 07:35:50,,,,,2020-12-28 08:40:15,2020-12-28 08:48:13,,,2020-12-28 09:19:52,,,2020-12-28 09:39:42,2020-12-28 09:48:38,,2020-12-28 09:59:33,2020-12-28 10:08:29,2020-12-28 10:22:23,,2020-12-28 10:48:11,,2020-12-28 11:15:04,2020-12-28 11:41:51,,2020-12-28 12:07:38,,,,,,2020-12-28 13:50:53,,,,2020-12-28 15:00:24,,,2020-12-28 16:01:06,,2020-12-28 16:32:53,2020-12-28 16:54:46,2020-12-28 17:19:33,,2020-12-28 17:50:21,2020-12-28 18:05:17,,2020-12-28 18:45:01,,2020-12-28 19:02:54,2020-12-28 19:21:47,2020-12-28 19:32:43,2020-12-28 19:34:43,2020-12-28 19:40:41,2020-12-28 19:52:37,,,,,2020-12-28 20:48:18,2020-12-28 21:13:09,2020-12-28 21:16:08,2020-12-28 21:38:02,,2020-12-28 22:14:50,,2020-12-28 22:52:36,,2020-12-28 23:27:25,,,
54,,,,,,,,,,,,,,,,,,,,,,,,,,,,,,,,,,,,,,,,,,,,,,,,,,,,,,,,,,,,,,,,,,,,,,,,,,
55,,,,,,,,,,,,,,,,,,,,,,,,,,,,,,,,,,,,,,,,,,,,,,,,,,,,,,,,,,,,,,,,,,,,,,,,,,
