경기77바1179_0,경기77바3545_0,경기77바3540_0,경기77바1282_0,경기77바3373_0,경기77바1370_0,경기77바1213_0,경기77바1893_0,경기77바1179_246,경기77바3545_249,경기77바3540_252,경기77바1282_249,경기77바3373_271,경기77바1370_264,경기77바1213_270,경기77바1893_255,경기77바1179_497,경기77바3545_524,경기77바3540_527,경기77바1282_521,경기77바3373_557,경기77바1370_540,경기77바1213_563,경기77바1893_549
2020-12-31 05:02:28,2020-12-31 05:26:19,2020-12-31 05:51:09,2020-12-31 06:21:00,2020-12-31 06:51:46,,,2020-12-31 08:20:57,2020-12-31 09:31:16,2020-12-31 09:34:14,2020-12-31 11:01:34,2020-12-31 11:52:05,,,,2020-12-31 15:11:39,2020-12-31 16:02:18,2020-12-31 16:52:03,2020-12-31 17:41:37,2020-12-31 18:31:17,2020-12-31 19:21:01,2020-12-31 20:12:46,2020-12-31 21:06:23,
2020-12-31 05:03:27,2020-12-31 05:27:19,2020-12-31 05:52:09,2020-12-31 06:21:59,2020-12-31 06:52:46,2020-12-31 07:23:31,2020-12-31 07:52:14,2020-12-31 08:21:57,2020-12-31 09:32:15,2020-12-31 10:17:53,2020-12-31 11:02:34,2020-12-31 11:53:05,2020-12-31 12:41:45,2020-12-31 13:34:17,2020-12-31 14:21:57,2020-12-31 15:12:39,2020-12-31 16:03:18,2020-12-31 16:52:55,2020-12-31 17:42:36,2020-12-31 18:32:18,2020-12-31 19:22:02,2020-12-31 20:13:44,2020-12-31 21:07:23,2020-12-31 22:03:01
2020-12-31 05:04:26,2020-12-31 05:29:18,,2020-12-31 06:22:58,2020-12-31 06:53:46,,2020-12-31 07:54:13,2020-12-31 08:22:55,,2020-12-31 10:18:53,,2020-12-31 11:55:04,,2020-12-31 13:36:17,2020-12-31 14:22:57,2020-12-31 15:13:38,2020-12-31 16:04:18,2020-12-31 16:53:55,2020-12-31 17:43:36,2020-12-31 18:34:16,2020-12-31 19:24:00,2020-12-31 20:14:44,2020-12-31 21:08:23,
2020-12-31 05:05:26,2020-12-31 05:30:18,2020-12-31 05:54:09,2020-12-31 06:23:58,2020-12-31 06:54:46,2020-12-31 07:25:29,2020-12-31 07:55:12,2020-12-31 08:23:55,2020-12-31 09:34:14,2020-12-31 10:19:52,2020-12-31 11:03:34,2020-12-31 11:56:03,2020-12-31 12:43:44,2020-12-31 13:37:17,2020-12-31 14:23:58,2020-12-31 15:14:39,2020-12-31 16:05:17,2020-12-31 16:54:55,2020-12-31 17:44:36,2020-12-31 18:35:16,2020-12-31 19:25:00,,2020-12-31 21:09:21,2020-12-31 22:05:00
,,2020-12-31 05:56:08,2020-12-31 06:25:58,2020-12-31 06:55:46,2020-12-31 07:27:28,2020-12-31 07:58:11,2020-12-31 08:24:55,2020-12-31 09:36:13,2020-12-31 10:23:52,2020-12-31 11:05:33,2020-12-31 11:58:02,2020-12-31 12:45:44,2020-12-31 13:38:17,2020-12-31 14:25:56,2020-12-31 15:15:37,,2020-12-31 16:57:54,2020-12-31 17:45:35,2020-12-31 18:37:15,2020-12-31 19:26:00,2020-12-31 20:15:44,2020-12-31 21:11:20,2020-12-31 22:06:00
2020-12-31 05:06:26,2020-12-31 05:32:17,2020-12-31 05:57:08,2020-12-31 06:26:57,2020-12-31 06:57:45,2020-12-31 07:29:27,2020-12-31 07:59:10,2020-12-31 08:25:54,2020-12-31 09:37:12,2020-12-31 10:24:51,2020-12-31 11:06:32,2020-12-31 12:00:02,2020-12-31 12:46:43,2020-12-31 13:40:16,2020-12-31 14:26:56,2020-12-31 15:16:36,2020-12-31 16:07:17,2020-12-31 16:59:53,2020-12-31 17:47:35,2020-12-31 18:38:15,2020-12-31 19:27:00,2020-12-31 20:16:43,2020-12-31 21:12:20,2020-12-31 22:06:59
2020-12-31 05:08:26,2020-12-31 05:35:16,2020-12-31 05:59:07,2020-12-31 06:27:56,2020-12-31 06:58:44,2020-12-31 07:30:26,2020-12-31 08:00:09,2020-12-31 08:27:52,2020-12-31 09:38:11,2020-12-31 10:25:50,2020-12-31 11:08:30,2020-12-31 12:01:01,2020-12-31 12:47:43,2020-12-31 13:41:15,2020-12-31 14:27:55,2020-12-31 15:17:36,2020-12-31 16:09:17,2020-12-31 17:00:52,2020-12-31 17:48:34,2020-12-31 18:39:15,2020-12-31 19:28:00,2020-12-31 20:17:43,2020-12-31 21:14:19,2020-12-31 22:07:59
2020-12-31 05:09:26,2020-12-31 05:36:15,,2020-12-31 06:28:56,2020-12-31 07:00:43,2020-12-31 07:32:25,2020-12-31 08:01:09,,2020-12-31 09:39:12,2020-12-31 10:27:49,,2020-12-31 12:03:00,,2020-12-31 13:42:15,2020-12-31 14:29:54,,,2020-12-31 17:01:53,,2020-12-31 18:41:14,2020-12-31 19:28:59,,2020-12-31 21:15:19,
2020-12-31 05:10:26,2020-12-31 05:37:15,2020-12-31 06:01:07,2020-12-31 06:29:55,2020-12-31 07:01:42,2020-12-31 07:33:24,2020-12-31 08:02:07,2020-12-31 08:28:51,2020-12-31 09:40:11,2020-12-31 10:28:48,2020-12-31 11:10:29,2020-12-31 12:03:59,2020-12-31 12:49:42,2020-12-31 13:43:15,2020-12-31 14:30:54,2020-12-31 15:18:36,2020-12-31 16:10:16,2020-12-31 17:02:51,2020-12-31 17:50:34,2020-12-31 18:42:14,2020-12-31 19:29:59,2020-12-31 20:19:42,2020-12-31 21:16:19,2020-12-31 22:08:59
2020-12-31 05:11:25,2020-12-31 05:40:14,2020-12-31 06:04:06,2020-12-31 06:31:54,2020-12-31 07:03:40,2020-12-31 07:35:24,2020-12-31 08:04:07,2020-12-31 08:31:50,2020-12-31 09:43:09,2020-12-31 10:31:47,2020-12-31 11:13:27,2020-12-31 12:06:58,2020-12-31 12:53:39,2020-12-31 13:46:13,2020-12-31 14:33:52,2020-12-31 15:21:34,2020-12-31 16:12:15,2020-12-31 17:05:50,2020-12-31 17:53:33,2020-12-31 18:44:13,2020-12-31 19:32:57,2020-12-31 20:23:41,2020-12-31 21:19:18,2020-12-31 22:11:58
2020-12-31 05:19:21,2020-12-31 05:47:10,2020-12-31 06:12:03,2020-12-31 06:37:52,2020-12-31 07:09:37,2020-12-31 07:42:22,2020-12-31 08:12:03,2020-12-31 08:37:47,2020-12-31 09:51:05,2020-12-31 10:37:46,2020-12-31 11:20:21,2020-12-31 12:15:54,2020-12-31 13:00:38,2020-12-31 13:54:10,2020-12-31 14:39:48,2020-12-31 15:28:30,2020-12-31 16:21:11,2020-12-31 17:13:47,2020-12-31 18:02:29,2020-12-31 18:51:12,2020-12-31 19:39:55,2020-12-31 20:29:40,2020-12-31 21:27:16,2020-12-31 22:17:56
2020-12-31 05:20:21,2020-12-31 05:48:10,2020-12-31 06:13:04,2020-12-31 06:38:52,2020-12-31 07:10:36,2020-12-31 07:44:21,2020-12-31 08:13:02,2020-12-31 08:38:46,2020-12-31 09:52:04,2020-12-31 10:38:44,2020-12-31 11:21:20,2020-12-31 12:16:54,2020-12-31 13:01:37,2020-12-31 13:55:09,2020-12-31 14:40:48,2020-12-31 15:29:30,2020-12-31 16:22:10,2020-12-31 17:14:47,2020-12-31 18:03:28,2020-12-31 18:53:11,2020-12-31 19:40:55,2020-12-31 20:30:39,2020-12-31 21:28:16,2020-12-31 22:18:56
2020-12-31 05:23:20,2020-12-31 05:51:09,2020-12-31 06:15:02,2020-12-31 06:40:51,2020-12-31 07:13:35,2020-12-31 07:47:18,2020-12-31 08:16:00,2020-12-31 08:41:43,2020-12-31 09:54:03,2020-12-31 10:41:42,2020-12-31 11:23:18,2020-12-31 12:18:53,2020-12-31 13:04:36,2020-12-31 13:57:08,2020-12-31 14:42:47,2020-12-31 15:32:29,2020-12-31 16:24:10,2020-12-31 17:16:46,2020-12-31 18:05:26,2020-12-31 18:55:10,2020-12-31 19:42:54,2020-12-31 20:33:38,2020-12-31 21:30:16,2020-12-31 22:20:55
2020-12-31 05:26:19,2020-12-31 05:53:09,2020-12-31 06:20:00,2020-12-31 06:43:50,2020-12-31 07:17:34,2020-12-31 07:53:13,2020-12-31 08:19:58,2020-12-31 08:47:39,2020-12-31 09:58:59,2020-12-31 10:44:42,2020-12-31 11:27:16,2020-12-31 12:22:52,2020-12-31 13:08:34,2020-12-31 14:00:07,,2020-12-31 15:39:26,2020-12-31 16:38:04,2020-12-31 17:22:43,2020-12-31 18:17:22,2020-12-31 19:05:07,2020-12-31 19:46:53,2020-12-31 20:37:38,2020-12-31 21:35:13,2020-12-31 22:22:54
,2020-12-31 05:54:09,2020-12-31 06:21:00,,2020-12-31 07:19:33,,2020-12-31 08:20:57,2020-12-31 08:49:38,,2020-12-31 10:46:41,2020-12-31 11:29:14,2020-12-31 12:23:52,,2020-12-31 14:02:06,2020-12-31 14:50:44,2020-12-31 15:41:26,,2020-12-31 17:25:42,,2020-12-31 19:08:04,2020-12-31 19:49:53,2020-12-31 20:40:36,,2020-12-31 22:23:53
2020-12-31 05:27:19,2020-12-31 05:55:08,2020-12-31 06:21:59,2020-12-31 06:44:49,2020-12-31 07:20:32,2020-12-31 07:54:13,,2020-12-31 08:50:39,2020-12-31 09:59:59,2020-12-31 10:47:40,2020-12-31 11:32:14,2020-12-31 12:24:52,2020-12-31 13:11:33,,,2020-12-31 15:42:26,2020-12-31 16:41:04,2020-12-31 17:26:42,2020-12-31 18:20:22,2020-12-31 19:09:04,2020-12-31 19:50:51,,2020-12-31 21:38:12,
2020-12-31 05:29:18,2020-12-31 05:57:08,2020-12-31 06:22:58,2020-12-31 06:46:48,2020-12-31 07:21:32,2020-12-31 07:56:11,2020-12-31 08:21:57,,2020-12-31 10:02:58,2020-12-31 10:49:38,2020-12-31 11:34:13,2020-12-31 12:25:52,2020-12-31 13:13:31,2020-12-31 14:03:06,2020-12-31 14:51:44,2020-12-31 15:43:26,2020-12-31 16:42:03,2020-12-31 17:28:41,2020-12-31 18:22:21,,2020-12-31 19:51:51,2020-12-31 20:41:35,2020-12-31 21:40:11,2020-12-31 22:24:53
2020-12-31 05:32:17,2020-12-31 05:59:07,2020-12-31 06:23:58,2020-12-31 06:47:48,2020-12-31 07:25:29,2020-12-31 07:58:11,,2020-12-31 08:52:37,,,2020-12-31 11:36:12,2020-12-31 12:27:51,2020-12-31 13:14:30,2020-12-31 14:06:04,2020-12-31 14:53:43,2020-12-31 15:45:25,2020-12-31 16:44:02,2020-12-31 17:31:40,2020-12-31 18:25:20,2020-12-31 19:11:04,2020-12-31 19:53:51,2020-12-31 20:43:34,,
2020-12-31 05:35:16,2020-12-31 06:00:07,2020-12-31 06:25:58,2020-12-31 06:49:48,2020-12-31 07:28:27,2020-12-31 07:59:10,2020-12-31 08:25:54,2020-12-31 08:53:36,2020-12-31 10:04:58,2020-12-31 10:50:38,2020-12-31 11:38:11,,2020-12-31 13:17:29,,,2020-12-31 15:47:24,,2020-12-31 17:32:40,2020-12-31 18:28:19,,,,,2020-12-31 22:28:52
2020-12-31 05:36:15,,2020-12-31 06:26:57,2020-12-31 06:50:48,2020-12-31 07:29:27,2020-12-31 08:00:09,2020-12-31 08:26:53,2020-12-31 08:55:35,2020-12-31 10:05:58,2020-12-31 10:51:38,2020-12-31 11:39:12,2020-12-31 12:29:51,2020-12-31 13:18:29,2020-12-31 14:09:03,2020-12-31 14:54:43,2020-12-31 15:48:24,2020-12-31 16:46:59,2020-12-31 17:34:40,,2020-12-31 19:14:04,2020-12-31 19:55:50,2020-12-31 20:44:35,2020-12-31 21:41:11,2020-12-31 22:29:51
2020-12-31 05:38:14,2020-12-31 06:02:06,2020-12-31 06:28:56,2020-12-31 06:52:46,,2020-12-31 08:02:07,2020-12-31 08:28:51,,,2020-12-31 10:53:37,,,2020-12-31 13:21:27,,,,,,2020-12-31 18:29:19,,,,,2020-12-31 22:31:50
,,2020-12-31 06:29:55,2020-12-31 06:53:46,2020-12-31 07:32:25,2020-12-31 08:03:07,,2020-12-31 08:56:34,,2020-12-31 10:54:37,2020-12-31 11:42:09,2020-12-31 12:30:50,2020-12-31 13:22:26,2020-12-31 14:10:02,2020-12-31 14:55:42,2020-12-31 15:49:24,2020-12-31 16:47:59,2020-12-31 17:35:40,2020-12-31 18:30:18,2020-12-31 19:15:03,2020-12-31 19:56:50,,2020-12-31 21:44:09,
2020-12-31 05:39:14,2020-12-31 06:03:06,,2020-12-31 06:54:46,2020-12-31 07:33:24,2020-12-31 08:04:07,2020-12-31 08:29:51,2020-12-31 08:57:34,2020-12-31 10:08:57,2020-12-31 10:55:36,2020-12-31 11:43:09,2020-12-31 12:31:50,,,2020-12-31 14:56:42,2020-12-31 15:50:23,,,,,,2020-12-31 20:47:32,2020-12-31 21:45:08,2020-12-31 22:32:50
2020-12-31 05:40:14,2020-12-31 06:04:06,2020-12-31 06:31:54,2020-12-31 06:55:46,2020-12-31 07:34:24,2020-12-31 08:05:06,2020-12-31 08:31:50,2020-12-31 08:58:33,2020-12-31 10:10:56,2020-12-31 10:56:36,2020-12-31 11:44:09,2020-12-31 12:32:50,2020-12-31 13:23:25,2020-12-31 14:12:02,2020-12-31 14:57:42,2020-12-31 15:51:23,2020-12-31 16:49:57,2020-12-31 17:37:39,2020-12-31 18:31:17,2020-12-31 19:17:03,2020-12-31 19:58:50,2020-12-31 20:49:30,2020-12-31 21:46:07,2020-12-31 22:34:49
,2020-12-31 06:06:05,2020-12-31 06:32:54,2020-12-31 06:56:46,2020-12-31 07:35:24,2020-12-31 08:06:06,2020-12-31 08:32:49,2020-12-31 08:59:33,2020-12-31 10:11:56,,2020-12-31 11:45:09,2020-12-31 12:33:49,2020-12-31 13:26:23,,,,2020-12-31 16:50:56,2020-12-31 17:38:38,2020-12-31 18:33:16,2020-12-31 19:19:02,2020-12-31 19:59:50,2020-12-31 20:50:30,2020-12-31 21:48:07,2020-12-31 22:35:48
2020-12-31 05:42:13,2020-12-31 06:07:05,,2020-12-31 06:57:45,,2020-12-31 08:07:05,,2020-12-31 09:00:32,,2020-12-31 10:57:36,2020-12-31 11:46:08,2020-12-31 12:34:48,,2020-12-31 14:13:02,2020-12-31 14:58:42,2020-12-31 15:52:23,2020-12-31 16:52:03,,,,,2020-12-31 20:51:29,,
2020-12-31 05:44:12,2020-12-31 06:08:05,2020-12-31 06:33:53,2020-12-31 06:58:44,2020-12-31 07:37:24,2020-12-31 08:08:05,2020-12-31 08:33:49,2020-12-31 09:01:32,2020-12-31 10:12:57,2020-12-31 10:58:36,2020-12-31 11:47:07,2020-12-31 12:35:48,2020-12-31 13:28:22,2020-12-31 14:14:01,2020-12-31 14:59:41,2020-12-31 15:53:21,2020-12-31 16:52:55,2020-12-31 17:39:38,2020-12-31 18:34:16,2020-12-31 19:22:02,2020-12-31 20:00:49,2020-12-31 20:52:29,2020-12-31 21:49:07,2020-12-31 22:36:48
,2020-12-31 06:11:04,,2020-12-31 07:01:42,,2020-12-31 08:11:03,,,,,2020-12-31 11:50:06,,,2020-12-31 14:15:02,,2020-12-31 15:54:21,,2020-12-31 17:41:37,2020-12-31 18:35:16,2020-12-31 19:23:00,,2020-12-31 20:53:29,2020-12-31 21:50:06,2020-12-31 22:37:47
2020-12-31 05:46:12,2020-12-31 06:12:03,2020-12-31 06:35:53,2020-12-31 07:02:41,2020-12-31 07:41:22,2020-12-31 08:12:03,2020-12-31 08:35:48,2020-12-31 09:02:31,2020-12-31 10:14:55,2020-12-31 10:59:34,2020-12-31 11:51:06,2020-12-31 12:38:47,2020-12-31 13:30:20,2020-12-31 14:16:00,2020-12-31 15:00:41,2020-12-31 15:55:20,2020-12-31 16:53:55,2020-12-31 17:42:36,2020-12-31 18:36:16,2020-12-31 19:24:00,2020-12-31 20:02:48,2020-12-31 20:54:27,2020-12-31 21:51:05,
2020-12-31 05:49:10,2020-12-31 06:14:02,2020-12-31 06:38:52,2020-12-31 07:05:39,2020-12-31 07:44:21,2020-12-31 08:14:01,2020-12-31 08:38:46,2020-12-31 09:05:30,2020-12-31 10:17:53,2020-12-31 11:02:34,2020-12-31 11:53:05,2020-12-31 12:39:46,2020-12-31 13:33:17,2020-12-31 14:18:00,2020-12-31 15:03:41,2020-12-31 15:57:20,2020-12-31 16:55:54,2020-12-31 17:44:36,2020-12-31 18:38:15,2020-12-31 19:27:00,,2020-12-31 20:56:27,2020-12-31 21:53:05,2020-12-31 22:38:47
2020-12-31 05:51:09,2020-12-31 06:15:02,2020-12-31 06:40:51,,2020-12-31 07:47:18,2020-12-31 08:15:01,2020-12-31 08:40:44,,2020-12-31 10:19:52,2020-12-31 11:04:32,2020-12-31 11:56:03,2020-12-31 12:41:45,2020-12-31 13:35:17,2020-12-31 14:19:59,2020-12-31 15:05:40,2020-12-31 15:59:19,2020-12-31 16:56:54,2020-12-31 17:46:35,2020-12-31 18:41:14,2020-12-31 19:28:59,2020-12-31 20:05:48,2020-12-31 20:59:26,,2020-12-31 22:40:46
2020-12-31 05:53:09,,2020-12-31 06:42:50,2020-12-31 07:06:38,2020-12-31 07:48:18,2020-12-31 08:16:00,,2020-12-31 09:06:29,2020-12-31 10:20:53,,2020-12-31 11:57:03,2020-12-31 12:42:45,2020-12-31 13:36:17,2020-12-31 14:21:57,2020-12-31 15:06:40,,2020-12-31 16:57:54,,2020-12-31 18:42:14,2020-12-31 19:29:59,2020-12-31 20:06:47,2020-12-31 21:00:25,2020-12-31 21:54:04,2020-12-31 22:41:46
2020-12-31 05:55:08,2020-12-31 06:16:02,2020-12-31 06:43:50,2020-12-31 07:07:38,2020-12-31 07:49:17,2020-12-31 08:16:59,2020-12-31 08:42:44,2020-12-31 09:07:28,,2020-12-31 11:06:32,2020-12-31 11:58:02,,2020-12-31 13:37:17,2020-12-31 14:22:57,2020-12-31 15:07:40,2020-12-31 16:01:19,2020-12-31 16:58:54,2020-12-31 17:48:34,2020-12-31 18:43:14,2020-12-31 19:30:58,2020-12-31 20:07:47,2020-12-31 21:01:25,2020-12-31 21:55:04,2020-12-31 22:42:45
2020-12-31 05:56:08,2020-12-31 06:19:00,2020-12-31 06:45:49,2020-12-31 07:10:36,2020-12-31 07:52:14,2020-12-31 08:18:59,2020-12-31 08:44:42,2020-12-31 09:10:27,2020-12-31 10:21:52,2020-12-31 11:07:31,2020-12-31 11:59:02,2020-12-31 12:43:44,2020-12-31 13:40:16,2020-12-31 14:24:57,2020-12-31 15:08:39,2020-12-31 16:02:18,2020-12-31 17:00:52,2020-12-31 17:50:34,2020-12-31 18:44:13,2020-12-31 19:31:58,2020-12-31 20:09:47,,2020-12-31 21:56:03,2020-12-31 22:43:44
2020-12-31 05:57:08,2020-12-31 06:21:59,2020-12-31 06:48:48,2020-12-31 07:13:35,2020-12-31 07:55:12,2020-12-31 08:21:57,2020-12-31 08:45:41,2020-12-31 09:13:25,2020-12-31 10:22:52,2020-12-31 11:10:29,2020-12-31 12:01:01,2020-12-31 12:46:43,2020-12-31 13:43:15,2020-12-31 14:25:56,2020-12-31 15:10:39,2020-12-31 16:04:18,2020-12-31 17:01:53,2020-12-31 17:52:33,2020-12-31 18:46:13,2020-12-31 19:33:57,2020-12-31 20:12:46,2020-12-31 21:04:24,2020-12-31 21:58:04,2020-12-31 22:45:44
2020-12-31 06:00:07,2020-12-31 06:24:58,2020-12-31 06:51:46,2020-12-31 07:15:36,2020-12-31 07:57:11,2020-12-31 08:24:55,2020-12-31 08:48:38,2020-12-31 09:15:23,2020-12-31 10:23:52,2020-12-31 11:12:28,2020-12-31 12:03:00,2020-12-31 12:48:42,2020-12-31 13:45:14,2020-12-31 14:27:55,2020-12-31 15:13:38,2020-12-31 16:09:17,2020-12-31 17:03:51,2020-12-31 17:55:32,2020-12-31 18:48:13,,2020-12-31 20:15:44,2020-12-31 21:06:23,,
2020-12-31 06:01:07,2020-12-31 06:25:58,2020-12-31 06:52:46,2020-12-31 07:16:35,2020-12-31 07:59:10,2020-12-31 08:25:54,2020-12-31 08:49:38,2020-12-31 09:16:23,2020-12-31 10:24:51,2020-12-31 11:13:27,2020-12-31 12:03:59,2020-12-31 12:49:42,2020-12-31 13:48:13,2020-12-31 14:28:55,2020-12-31 15:16:36,2020-12-31 16:10:16,2020-12-31 17:06:50,2020-12-31 17:58:31,2020-12-31 18:49:13,2020-12-31 19:36:56,,2020-12-31 21:09:21,2020-12-31 22:01:01,2020-12-31 22:48:43
2020-12-31 06:02:06,2020-12-31 06:26:57,2020-12-31 06:53:46,2020-12-31 07:17:34,2020-12-31 08:00:09,2020-12-31 08:27:52,2020-12-31 08:50:39,2020-12-31 09:17:23,2020-12-31 10:25:50,2020-12-31 11:14:26,2020-12-31 12:04:59,2020-12-31 12:50:41,2020-12-31 13:50:11,2020-12-31 14:29:54,2020-12-31 15:17:36,2020-12-31 16:12:15,2020-12-31 17:08:49,2020-12-31 17:59:30,2020-12-31 18:50:12,2020-12-31 19:37:56,2020-12-31 20:19:42,2020-12-31 21:10:21,2020-12-31 22:02:01,2020-12-31 22:49:43
2020-12-31 06:03:06,2020-12-31 06:29:55,2020-12-31 06:56:46,,2020-12-31 08:03:07,2020-12-31 08:30:51,2020-12-31 08:54:36,,2020-12-31 10:28:48,2020-12-31 11:17:23,,2020-12-31 12:53:39,2020-12-31 13:53:10,2020-12-31 14:32:52,,2020-12-31 16:14:14,2020-12-31 17:12:48,2020-12-31 18:03:28,,2020-12-31 19:41:54,,2020-12-31 21:12:20,2020-12-31 22:03:01,2020-12-31 22:50:42
,2020-12-31 06:30:55,,2020-12-31 07:21:32,2020-12-31 08:04:07,,,2020-12-31 09:21:22,2020-12-31 10:30:47,2020-12-31 11:18:22,2020-12-31 12:08:57,2020-12-31 12:54:39,2020-12-31 13:54:10,2020-12-31 14:33:52,2020-12-31 15:21:34,2020-12-31 16:16:13,2020-12-31 17:13:47,2020-12-31 18:04:27,2020-12-31 18:54:11,,2020-12-31 20:21:42,2020-12-31 21:13:20,,2020-12-31 22:51:42
2020-12-31 06:04:06,2020-12-31 06:31:54,2020-12-31 06:58:44,2020-12-31 07:23:31,2020-12-31 08:06:06,2020-12-31 08:33:49,2020-12-31 08:56:34,2020-12-31 09:23:20,2020-12-31 10:31:47,2020-12-31 11:19:22,2020-12-31 12:10:56,2020-12-31 12:55:39,2020-12-31 13:56:08,2020-12-31 14:35:51,2020-12-31 15:23:33,2020-12-31 16:17:13,2020-12-31 17:15:46,2020-12-31 18:06:26,2020-12-31 18:56:10,2020-12-31 19:43:54,,2020-12-31 21:14:19,2020-12-31 22:04:00,
2020-12-31 06:06:05,2020-12-31 06:33:53,2020-12-31 07:01:42,2020-12-31 07:24:30,2020-12-31 08:09:04,2020-12-31 08:36:47,2020-12-31 08:58:33,2020-12-31 09:24:20,2020-12-31 10:33:46,2020-12-31 11:21:20,2020-12-31 12:11:56,2020-12-31 12:56:39,2020-12-31 13:57:08,2020-12-31 14:36:50,2020-12-31 15:24:33,2020-12-31 16:19:12,2020-12-31 17:16:46,2020-12-31 18:09:26,2020-12-31 18:59:08,2020-12-31 19:45:52,2020-12-31 20:23:41,2020-12-31 21:16:19,2020-12-31 22:06:00,2020-12-31 22:53:42
2020-12-31 06:07:05,2020-12-31 06:34:53,2020-12-31 07:02:41,2020-12-31 07:27:28,2020-12-31 08:10:04,2020-12-31 08:39:45,2020-12-31 08:59:33,2020-12-31 09:25:20,2020-12-31 10:34:46,2020-12-31 11:22:19,2020-12-31 12:14:54,2020-12-31 12:59:38,2020-12-31 13:59:08,2020-12-31 14:37:50,2020-12-31 15:27:31,2020-12-31 16:20:11,2020-12-31 17:19:44,2020-12-31 18:12:24,2020-12-31 19:02:08,2020-12-31 19:46:53,2020-12-31 20:26:41,2020-12-31 21:17:19,2020-12-31 22:06:59,2020-12-31 22:54:41
,2020-12-31 06:36:52,2020-12-31 07:04:40,2020-12-31 07:28:27,2020-12-31 08:12:03,2020-12-31 08:40:44,2020-12-31 09:00:32,2020-12-31 09:27:18,,,2020-12-31 12:15:54,2020-12-31 13:00:38,2020-12-31 14:02:06,2020-12-31 14:39:48,2020-12-31 15:29:30,2020-12-31 16:22:10,,2020-12-31 18:14:23,2020-12-31 19:03:07,2020-12-31 19:49:53,2020-12-31 20:27:41,2020-12-31 21:18:19,2020-12-31 22:07:59,
2020-12-31 06:10:04,2020-12-31 06:37:52,2020-12-31 07:05:39,2020-12-31 07:30:26,2020-12-31 08:13:02,2020-12-31 08:42:44,2020-12-31 09:02:31,,2020-12-31 10:37:46,2020-12-31 11:23:18,2020-12-31 12:17:54,2020-12-31 13:02:38,2020-12-31 14:03:06,2020-12-31 14:40:48,2020-12-31 15:30:29,2020-12-31 16:23:09,2020-12-31 17:22:43,2020-12-31 18:15:23,2020-12-31 19:05:07,2020-12-31 19:50:51,2020-12-31 20:29:40,2020-12-31 21:20:18,2020-12-31 22:09:59,2020-12-31 22:55:41
2020-12-31 06:11:04,2020-12-31 06:38:52,2020-12-31 07:08:38,2020-12-31 07:31:25,2020-12-31 08:14:01,2020-12-31 08:43:43,2020-12-31 09:03:30,2020-12-31 09:28:18,2020-12-31 10:39:44,2020-12-31 11:25:17,2020-12-31 12:20:53,2020-12-31 13:03:37,2020-12-31 14:04:05,2020-12-31 14:41:47,2020-12-31 15:31:29,2020-12-31 16:24:10,2020-12-31 17:23:43,2020-12-31 18:16:23,2020-12-31 19:06:06,2020-12-31 19:51:51,2020-12-31 20:31:39,2020-12-31 21:21:18,2020-12-31 22:10:58,2020-12-31 22:58:40
2020-12-31 06:14:02,2020-12-31 06:40:51,2020-12-31 07:11:36,2020-12-31 07:33:24,2020-12-31 08:16:00,2020-12-31 08:46:40,2020-12-31 09:06:29,2020-12-31 09:31:16,2020-12-31 10:43:43,2020-12-31 11:28:15,2020-12-31 12:23:52,2020-12-31 13:06:35,2020-12-31 14:06:04,2020-12-31 14:43:47,2020-12-31 15:33:29,2020-12-31 16:26:08,2020-12-31 17:26:42,2020-12-31 18:18:22,2020-12-31 19:09:04,2020-12-31 19:53:51,2020-12-31 20:33:38,2020-12-31 21:24:16,2020-12-31 22:13:57,2020-12-31 23:01:40
2020-12-31 06:16:02,2020-12-31 06:43:50,2020-12-31 07:13:35,2020-12-31 07:35:24,2020-12-31 08:18:59,2020-12-31 08:49:38,2020-12-31 09:09:28,2020-12-31 09:34:14,2020-12-31 10:45:41,2020-12-31 11:31:14,2020-12-31 12:25:52,2020-12-31 13:08:34,2020-12-31 14:08:04,2020-12-31 14:46:45,2020-12-31 15:36:27,2020-12-31 16:29:06,2020-12-31 17:28:41,2020-12-31 18:21:22,2020-12-31 19:11:04,2020-12-31 19:56:50,2020-12-31 20:35:38,2020-12-31 21:27:16,2020-12-31 22:16:56,2020-12-31 23:03:39
2020-12-31 06:17:02,2020-12-31 06:44:49,2020-12-31 07:16:35,2020-12-31 07:36:24,2020-12-31 08:19:58,2020-12-31 08:50:39,2020-12-31 09:10:27,2020-12-31 09:35:14,2020-12-31 10:46:41,2020-12-31 11:32:14,2020-12-31 12:26:51,2020-12-31 13:10:33,2020-12-31 14:10:02,2020-12-31 14:49:45,2020-12-31 15:37:26,2020-12-31 16:30:06,2020-12-31 17:29:41,2020-12-31 18:23:21,2020-12-31 19:13:04,2020-12-31 19:57:50,2020-12-31 20:37:38,2020-12-31 21:28:16,2020-12-31 22:17:56,2020-12-31 23:04:39
2020-12-31 06:19:00,,2020-12-31 07:17:34,2020-12-31 07:38:23,,2020-12-31 08:53:36,,2020-12-31 09:38:11,,,,2020-12-31 13:11:33,,2020-12-31 14:50:44,,2020-12-31 16:32:06,2020-12-31 17:32:40,2020-12-31 18:26:20,2020-12-31 19:15:03,,2020-12-31 20:38:37,2020-12-31 21:29:16,,2020-12-31 23:05:38
,2020-12-31 06:47:48,2020-12-31 07:18:34,2020-12-31 07:39:22,2020-12-31 08:23:55,,2020-12-31 09:12:25,,2020-12-31 10:48:39,2020-12-31 11:33:13,2020-12-31 12:29:51,,2020-12-31 14:12:02,,2020-12-31 15:39:26,,2020-12-31 17:33:40,2020-12-31 18:27:19,2020-12-31 19:16:02,2020-12-31 19:59:50,2020-12-31 20:39:36,2020-12-31 21:30:16,,
2020-12-31 06:21:00,,2020-12-31 07:19:33,,2020-12-31 08:24:55,2020-12-31 08:54:36,2020-12-31 09:14:24,,,2020-12-31 11:35:13,,2020-12-31 13:12:32,,2020-12-31 14:51:44,2020-12-31 15:41:26,,2020-12-31 17:34:40,,2020-12-31 19:17:03,,,,2020-12-31 22:20:55,2020-12-31 23:06:38
2020-12-31 06:21:59,2020-12-31 06:48:48,2020-12-31 07:20:32,2020-12-31 07:40:22,2020-12-31 08:25:54,2020-12-31 08:55:35,2020-12-31 09:15:23,2020-12-31 09:39:12,2020-12-31 10:50:38,2020-12-31 11:36:12,2020-12-31 12:30:50,2020-12-31 13:13:31,2020-12-31 14:13:02,2020-12-31 14:52:43,,2020-12-31 16:33:06,2020-12-31 17:35:40,2020-12-31 18:28:19,,2020-12-31 20:00:49,2020-12-31 20:40:36,2020-12-31 21:31:15,2020-12-31 22:21:54,2020-12-31 23:07:38
,,2020-12-31 07:21:32,2020-12-31 07:41:22,2020-12-31 08:26:53,2020-12-31 08:56:34,2020-12-31 09:16:23,2020-12-31 09:41:11,2020-12-31 10:51:38,2020-12-31 11:37:12,,2020-12-31 13:14:30,2020-12-31 14:15:02,2020-12-31 14:53:43,2020-12-31 15:42:26,2020-12-31 16:35:04,2020-12-31 17:36:40,2020-12-31 18:30:18,2020-12-31 19:18:02,2020-12-31 20:02:48,2020-12-31 20:41:35,2020-12-31 21:33:14,,
2020-12-31 06:23:58,2020-12-31 06:50:48,2020-12-31 07:23:31,2020-12-31 07:42:22,,2020-12-31 08:59:33,2020-12-31 09:17:23,2020-12-31 09:42:10,,2020-12-31 11:38:11,2020-12-31 12:32:50,,2020-12-31 14:17:00,,2020-12-31 15:44:25,2020-12-31 16:36:04,2020-12-31 17:38:38,2020-12-31 18:32:18,2020-12-31 19:20:01,2020-12-31 20:03:48,,2020-12-31 21:35:13,2020-12-31 22:23:53,
2020-12-31 06:25:58,2020-12-31 06:52:46,2020-12-31 07:25:29,2020-12-31 07:44:21,2020-12-31 08:29:51,2020-12-31 09:00:32,2020-12-31 09:18:23,,2020-12-31 10:53:37,,2020-12-31 12:33:49,2020-12-31 13:17:29,,2020-12-31 14:56:42,2020-12-31 15:46:25,2020-12-31 16:38:04,2020-12-31 17:39:38,2020-12-31 18:33:16,,2020-12-31 20:04:48,,2020-12-31 21:36:14,2020-12-31 22:25:53,2020-12-31 23:08:37
2020-12-31 06:27:56,2020-12-31 06:53:46,2020-12-31 07:26:29,2020-12-31 07:45:20,2020-12-31 08:32:49,2020-12-31 09:01:32,2020-12-31 09:19:22,2020-12-31 09:44:09,2020-12-31 10:54:37,2020-12-31 11:39:12,2020-12-31 12:35:48,2020-12-31 13:19:28,2020-12-31 14:19:00,2020-12-31 14:57:42,2020-12-31 15:48:24,2020-12-31 16:41:04,2020-12-31 17:40:38,2020-12-31 18:34:16,2020-12-31 19:21:01,2020-12-31 20:05:48,2020-12-31 20:45:33,2020-12-31 21:37:12,2020-12-31 22:27:52,2020-12-31 23:10:37
2020-12-31 06:28:56,2020-12-31 06:56:46,2020-12-31 07:30:26,2020-12-31 07:48:18,2020-12-31 08:33:49,2020-12-31 09:05:30,2020-12-31 09:20:22,2020-12-31 09:46:08,2020-12-31 10:56:36,2020-12-31 11:42:09,2020-12-31 12:38:47,2020-12-31 13:22:26,2020-12-31 14:21:57,2020-12-31 14:59:41,2020-12-31 15:52:23,2020-12-31 16:44:02,2020-12-31 17:42:36,2020-12-31 18:37:15,2020-12-31 19:24:00,2020-12-31 20:08:47,2020-12-31 20:47:32,2020-12-31 21:38:12,2020-12-31 22:28:52,2020-12-31 23:11:36
2020-12-31 06:30:55,2020-12-31 06:57:45,,,,2020-12-31 09:07:28,2020-12-31 09:23:20,2020-12-31 09:47:07,2020-12-31 10:58:36,2020-12-31 11:44:09,,,2020-12-31 14:23:58,2020-12-31 15:01:41,,2020-12-31 16:46:00,,2020-12-31 18:39:15,,2020-12-31 20:09:47,2020-12-31 20:49:30,,,
,2020-12-31 06:58:44,2020-12-31 07:32:25,2020-12-31 07:50:16,2020-12-31 08:35:48,2020-12-31 09:08:29,,2020-12-31 09:48:06,2020-12-31 10:59:34,,2020-12-31 12:41:45,2020-12-31 13:24:24,2020-12-31 14:24:57,2020-12-31 15:03:41,2020-12-31 15:54:21,2020-12-31 16:46:59,2020-12-31 17:45:35,2020-12-31 18:40:14,2020-12-31 19:25:00,2020-12-31 20:10:46,2020-12-31 20:50:30,2020-12-31 21:40:11,2020-12-31 22:30:51,2020-12-31 23:13:36
2020-12-31 06:31:54,2020-12-31 07:00:43,2020-12-31 07:33:24,2020-12-31 07:51:15,2020-12-31 08:36:47,2020-12-31 09:09:28,2020-12-31 09:24:20,2020-12-31 09:49:06,2020-12-31 11:00:34,2020-12-31 11:45:09,2020-12-31 12:42:45,2020-12-31 13:26:23,2020-12-31 14:25:56,2020-12-31 15:04:40,2020-12-31 15:55:20,2020-12-31 16:47:59,2020-12-31 17:46:35,2020-12-31 18:42:14,2020-12-31 19:27:00,2020-12-31 20:11:45,2020-12-31 20:51:29,2020-12-31 21:41:11,2020-12-31 22:31:50,2020-12-31 23:14:36
2020-12-31 06:36:52,2020-12-31 07:03:40,2020-12-31 07:38:23,,,2020-12-31 09:14:24,2020-12-31 09:28:18,2020-12-31 09:52:04,,2020-12-31 11:49:06,2020-12-31 12:45:44,2020-12-31 13:28:22,2020-12-31 14:28:55,,,2020-12-31 16:50:56,,,2020-12-31 19:28:59,2020-12-31 20:13:44,2020-12-31 20:54:27,2020-12-31 21:44:09,,
2020-12-31 06:37:52,2020-12-31 07:04:40,,2020-12-31 07:55:12,2020-12-31 08:40:44,2020-12-31 09:15:23,2020-12-31 09:29:17,2020-12-31 09:53:03,2020-12-31 11:04:32,2020-12-31 11:50:06,2020-12-31 12:46:43,2020-12-31 13:36:17,2020-12-31 14:29:54,2020-12-31 15:09:39,2020-12-31 16:00:20,2020-12-31 16:52:03,2020-12-31 17:52:33,2020-12-31 18:49:13,2020-12-31 19:30:58,2020-12-31 20:14:44,2020-12-31 20:55:27,2020-12-31 21:45:08,2020-12-31 22:35:48,2020-12-31 23:15:35
2020-12-31 06:38:52,2020-12-31 07:05:39,2020-12-31 07:39:22,2020-12-31 07:56:11,2020-12-31 08:42:44,2020-12-31 09:17:23,2020-12-31 09:30:17,2020-12-31 09:54:03,2020-12-31 11:06:32,2020-12-31 11:52:05,2020-12-31 12:48:42,2020-12-31 13:37:17,2020-12-31 14:30:54,2020-12-31 15:10:39,2020-12-31 16:01:19,2020-12-31 16:53:55,2020-12-31 17:55:32,2020-12-31 18:51:12,2020-12-31 19:31:58,2020-12-31 20:16:43,2020-12-31 20:56:27,2020-12-31 21:46:07,2020-12-31 22:37:47,2020-12-31 23:17:34
2020-12-31 06:39:51,2020-12-31 07:06:38,2020-12-31 07:40:22,2020-12-31 07:57:11,2020-12-31 08:44:42,2020-12-31 09:19:22,2020-12-31 09:33:15,2020-12-31 09:57:00,2020-12-31 11:08:30,2020-12-31 11:54:04,2020-12-31 12:49:42,2020-12-31 13:38:17,2020-12-31 14:31:52,2020-12-31 15:11:39,2020-12-31 16:02:18,2020-12-31 16:55:54,2020-12-31 17:56:31,2020-12-31 18:52:12,2020-12-31 19:32:57,2020-12-31 20:17:43,2020-12-31 20:58:26,2020-12-31 21:47:07,,2020-12-31 23:18:34
2020-12-31 06:40:51,2020-12-31 07:07:38,2020-12-31 07:42:22,2020-12-31 07:59:10,2020-12-31 08:46:40,2020-12-31 09:21:22,2020-12-31 09:35:14,2020-12-31 09:58:59,2020-12-31 11:11:28,2020-12-31 11:56:03,2020-12-31 12:51:40,2020-12-31 13:41:15,2020-12-31 14:36:50,2020-12-31 15:16:36,2020-12-31 16:04:18,2020-12-31 16:58:54,2020-12-31 17:58:31,2020-12-31 18:54:11,2020-12-31 19:34:57,2020-12-31 20:19:42,2020-12-31 21:00:25,2020-12-31 21:48:07,2020-12-31 22:40:46,2020-12-31 23:20:34
2020-12-31 06:42:50,2020-12-31 07:09:37,2020-12-31 07:44:21,2020-12-31 08:01:09,2020-12-31 08:49:38,2020-12-31 09:23:20,2020-12-31 09:37:12,2020-12-31 10:00:59,2020-12-31 11:13:27,2020-12-31 11:59:02,2020-12-31 12:53:39,2020-12-31 13:43:15,,2020-12-31 15:18:36,2020-12-31 16:08:17,2020-12-31 17:00:52,2020-12-31 18:01:29,2020-12-31 18:57:10,2020-12-31 19:36:56,2020-12-31 20:21:42,2020-12-31 21:02:25,2020-12-31 21:50:06,2020-12-31 22:42:45,2020-12-31 23:22:34
,,2020-12-31 07:46:19,2020-12-31 08:03:07,,2020-12-31 09:25:20,2020-12-31 09:39:12,2020-12-31 10:02:58,2020-12-31 11:15:25,,2020-12-31 12:55:39,2020-12-31 13:45:14,2020-12-31 14:42:47,2020-12-31 15:20:34,2020-12-31 16:10:16,2020-12-31 17:02:51,2020-12-31 18:02:29,2020-12-31 18:59:08,2020-12-31 19:38:55,,2020-12-31 21:04:24,2020-12-31 21:52:05,,
2020-12-31 06:48:48,2020-12-31 07:12:36,2020-12-31 07:50:16,2020-12-31 08:04:07,2020-12-31 08:51:38,2020-12-31 09:26:19,2020-12-31 09:41:11,,2020-12-31 11:16:24,2020-12-31 12:01:01,2020-12-31 12:56:39,2020-12-31 13:46:13,2020-12-31 14:43:47,2020-12-31 15:25:33,2020-12-31 16:11:16,2020-12-31 17:03:51,2020-12-31 18:03:28,2020-12-31 19:00:08,2020-12-31 19:39:55,2020-12-31 20:24:41,,2020-12-31 21:57:03,2020-12-31 22:44:44,2020-12-31 23:24:33
2020-12-31 06:50:48,2020-12-31 07:13:35,2020-12-31 07:51:15,2020-12-31 08:05:06,2020-12-31 08:53:36,2020-12-31 09:27:18,2020-12-31 09:42:10,2020-12-31 10:03:58,2020-12-31 11:18:22,2020-12-31 12:03:59,2020-12-31 12:57:38,2020-12-31 13:48:13,2020-12-31 14:44:47,2020-12-31 15:26:32,2020-12-31 16:12:15,2020-12-31 17:04:50,2020-12-31 18:04:27,2020-12-31 19:01:08,2020-12-31 19:40:55,2020-12-31 20:25:41,2020-12-31 21:05:23,2020-12-31 21:59:02,2020-12-31 22:45:44,2020-12-31 23:25:33
,,,2020-12-31 08:06:06,2020-12-31 08:54:36,2020-12-31 09:28:18,,2020-12-31 10:05:58,2020-12-31 11:19:22,2020-12-31 12:04:59,2020-12-31 12:58:38,,2020-12-31 14:45:45,2020-12-31 15:27:31,,2020-12-31 17:05:50,2020-12-31 18:05:26,2020-12-31 19:02:08,2020-12-31 19:41:54,,2020-12-31 21:07:23,,,
2020-12-31 06:52:46,2020-12-31 07:15:36,2020-12-31 07:52:14,,2020-12-31 08:55:35,2020-12-31 09:29:17,2020-12-31 09:43:09,2020-12-31 10:07:57,2020-12-31 11:20:21,2020-12-31 12:05:59,2020-12-31 12:59:38,2020-12-31 13:49:13,2020-12-31 14:47:45,2020-12-31 15:28:30,2020-12-31 16:13:15,2020-12-31 17:06:50,2020-12-31 18:06:26,2020-12-31 19:03:07,2020-12-31 19:42:54,2020-12-31 20:27:41,,2020-12-31 22:01:01,2020-12-31 22:46:44,2020-12-31 23:26:33
,,2020-12-31 07:53:13,2020-12-31 08:07:05,2020-12-31 08:57:34,,2020-12-31 09:44:09,2020-12-31 10:08:57,2020-12-31 11:21:20,2020-12-31 12:06:58,2020-12-31 13:01:37,2020-12-31 13:51:11,2020-12-31 14:49:45,2020-12-31 15:29:30,2020-12-31 16:15:14,2020-12-31 17:10:49,2020-12-31 18:08:26,2020-12-31 19:04:07,2020-12-31 19:43:54,2020-12-31 20:28:40,2020-12-31 21:08:23,2020-12-31 22:02:01,,
2020-12-31 06:53:46,2020-12-31 07:16:35,2020-12-31 07:54:13,,2020-12-31 08:58:33,2020-12-31 09:30:17,2020-12-31 09:47:07,2020-12-31 10:10:56,2020-12-31 11:23:18,2020-12-31 12:07:57,2020-12-31 13:02:38,2020-12-31 13:52:11,2020-12-31 14:52:43,2020-12-31 15:31:29,2020-12-31 16:18:12,2020-12-31 17:13:47,2020-12-31 18:10:25,2020-12-31 19:06:06,2020-12-31 19:45:52,2020-12-31 20:30:39,2020-12-31 21:11:20,2020-12-31 22:04:00,2020-12-31 22:48:43,2020-12-31 23:28:32
2020-12-31 06:54:46,2020-12-31 07:19:33,2020-12-31 07:56:11,2020-12-31 08:08:05,2020-12-31 08:59:33,2020-12-31 09:32:15,2020-12-31 09:50:06,2020-12-31 10:11:56,2020-12-31 11:26:16,2020-12-31 12:09:57,2020-12-31 13:04:36,2020-12-31 13:53:10,2020-12-31 14:54:43,2020-12-31 15:33:29,2020-12-31 16:22:10,2020-12-31 17:15:46,2020-12-31 18:13:23,2020-12-31 19:07:06,2020-12-31 19:46:53,2020-12-31 20:31:39,2020-12-31 21:13:20,2020-12-31 22:05:00,2020-12-31 22:49:43,2020-12-31 23:29:31
2020-12-31 07:00:43,2020-12-31 07:25:29,2020-12-31 07:58:11,2020-12-31 08:15:01,2020-12-31 09:00:32,2020-12-31 09:33:15,2020-12-31 09:51:05,2020-12-31 10:13:56,2020-12-31 11:27:16,2020-12-31 12:11:56,2020-12-31 13:06:35,2020-12-31 13:56:08,2020-12-31 14:56:42,2020-12-31 15:35:28,2020-12-31 16:23:09,2020-12-31 17:17:45,2020-12-31 18:14:23,2020-12-31 19:09:04,2020-12-31 19:47:53,2020-12-31 20:33:38,2020-12-31 21:22:17,2020-12-31 22:06:00,2020-12-31 22:50:42,2020-12-31 23:30:30
2020-12-31 07:01:42,2020-12-31 07:27:28,2020-12-31 07:59:10,2020-12-31 08:31:50,2020-12-31 09:07:28,2020-12-31 09:37:12,2020-12-31 10:05:58,2020-12-31 10:33:46,2020-12-31 11:40:11,2020-12-31 12:27:51,2020-12-31 13:19:28,2020-12-31 14:13:02,2020-12-31 15:07:40,2020-12-31 15:48:24,2020-12-31 16:46:00,2020-12-31 17:39:38,2020-12-31 18:23:21,2020-12-31 19:16:02,2020-12-31 19:59:50,2020-12-31 20:46:33,2020-12-31 21:23:17,2020-12-31 22:06:59,2020-12-31 22:51:42,2020-12-31 23:49:22
2020-12-31 07:02:41,2020-12-31 07:30:26,2020-12-31 08:02:07,2020-12-31 08:35:48,2020-12-31 09:10:27,2020-12-31 09:41:11,2020-12-31 10:07:57,2020-12-31 10:34:46,2020-12-31 11:44:09,2020-12-31 12:31:50,2020-12-31 13:22:26,2020-12-31 14:17:00,2020-12-31 15:11:39,2020-12-31 15:54:21,2020-12-31 16:52:03,2020-12-31 17:42:36,2020-12-31 18:28:19,2020-12-31 19:19:02,2020-12-31 20:01:49,2020-12-31 20:49:30,2020-12-31 21:26:16,2020-12-31 22:09:59,2020-12-31 22:54:41,2020-12-31 23:52:21
2020-12-31 07:03:40,2020-12-31 07:31:25,2020-12-31 08:03:07,2020-12-31 08:36:47,2020-12-31 09:11:26,2020-12-31 09:42:10,2020-12-31 10:09:56,2020-12-31 10:36:46,2020-12-31 11:45:09,2020-12-31 12:35:48,2020-12-31 13:24:24,2020-12-31 14:19:59,2020-12-31 15:16:36,2020-12-31 15:59:19,2020-12-31 16:55:54,2020-12-31 17:46:35,2020-12-31 18:29:19,2020-12-31 19:21:01,2020-12-31 20:02:48,2020-12-31 20:50:30,,2020-12-31 22:10:58,2020-12-31 22:55:41,2020-12-31 23:53:20
2020-12-31 07:05:39,2020-12-31 07:34:24,2020-12-31 08:06:06,2020-12-31 08:38:46,2020-12-31 09:13:25,2020-12-31 09:44:09,2020-12-31 10:11:56,2020-12-31 10:38:44,2020-12-31 11:47:07,2020-12-31 12:37:47,2020-12-31 13:26:23,2020-12-31 14:22:57,2020-12-31 15:19:35,2020-12-31 16:01:19,2020-12-31 16:59:53,2020-12-31 17:49:34,2020-12-31 18:32:18,2020-12-31 19:23:00,2020-12-31 20:03:48,2020-12-31 20:51:29,2020-12-31 21:28:16,,2020-12-31 22:56:41,2020-12-31 23:54:20
2020-12-31 07:06:38,2020-12-31 07:35:24,2020-12-31 08:08:05,2020-12-31 08:39:45,2020-12-31 09:16:23,2020-12-31 09:45:08,,2020-12-31 10:40:44,2020-12-31 11:50:06,2020-12-31 12:40:46,2020-12-31 13:29:21,2020-12-31 14:24:57,2020-12-31 15:21:34,,2020-12-31 17:01:53,2020-12-31 17:51:34,2020-12-31 18:33:16,2020-12-31 19:24:00,2020-12-31 20:05:48,,2020-12-31 21:31:15,2020-12-31 22:11:58,,
2020-12-31 07:07:38,2020-12-31 07:36:24,,2020-12-31 08:41:43,2020-12-31 09:17:23,2020-12-31 09:46:08,2020-12-31 10:14:55,2020-12-31 10:41:42,2020-12-31 11:51:06,2020-12-31 12:41:45,2020-12-31 13:30:20,2020-12-31 14:25:56,2020-12-31 15:22:33,2020-12-31 16:04:18,2020-12-31 17:02:51,2020-12-31 17:53:33,,2020-12-31 19:25:00,2020-12-31 20:06:47,2020-12-31 20:54:27,2020-12-31 21:32:14,2020-12-31 22:12:57,2020-12-31 22:57:41,2020-12-31 23:55:20
2020-12-31 07:09:37,2020-12-31 07:38:23,2020-12-31 08:10:04,2020-12-31 08:43:43,2020-12-31 09:18:23,,2020-12-31 10:15:55,2020-12-31 10:43:43,,,2020-12-31 13:31:19,2020-12-31 14:26:56,2020-12-31 15:23:33,2020-12-31 16:05:17,,2020-12-31 17:54:32,2020-12-31 18:34:16,2020-12-31 19:26:00,2020-12-31 20:08:47,,,2020-12-31 22:13:57,,2020-12-31 23:56:20
2020-12-31 07:12:36,2020-12-31 07:40:22,2020-12-31 08:12:03,2020-12-31 08:45:41,2020-12-31 09:19:22,2020-12-31 09:49:06,2020-12-31 10:17:53,2020-12-31 10:44:42,2020-12-31 11:52:05,2020-12-31 12:42:45,2020-12-31 13:33:17,2020-12-31 14:28:55,2020-12-31 15:25:33,2020-12-31 16:07:17,2020-12-31 17:03:51,2020-12-31 17:56:31,2020-12-31 18:36:16,2020-12-31 19:28:00,2020-12-31 20:09:47,2020-12-31 20:56:27,2020-12-31 21:33:14,2020-12-31 22:14:57,2020-12-31 22:59:40,2020-12-31 23:57:20
2020-12-31 07:13:35,,2020-12-31 08:16:00,2020-12-31 08:47:39,2020-12-31 09:21:22,2020-12-31 09:52:04,2020-12-31 10:19:52,2020-12-31 10:48:39,2020-12-31 11:55:04,2020-12-31 12:45:44,2020-12-31 13:36:17,2020-12-31 14:29:54,2020-12-31 15:28:30,2020-12-31 16:09:17,2020-12-31 17:06:50,2020-12-31 17:59:30,2020-12-31 18:45:13,2020-12-31 19:28:59,,,,2020-12-31 22:16:56,,2020-12-31 23:59:18
2020-12-31 07:15:36,2020-12-31 07:42:22,2020-12-31 08:16:59,2020-12-31 08:48:38,2020-12-31 09:23:20,2020-12-31 09:53:03,2020-12-31 10:20:53,2020-12-31 10:50:38,2020-12-31 11:56:03,2020-12-31 12:47:43,2020-12-31 13:38:17,2020-12-31 14:30:54,2020-12-31 15:30:29,2020-12-31 16:10:16,2020-12-31 17:09:49,2020-12-31 18:00:29,2020-12-31 18:46:13,2020-12-31 19:29:59,2020-12-31 20:11:45,2020-12-31 20:59:26,2020-12-31 21:36:14,,2020-12-31 23:02:39,
2020-12-31 07:17:34,2020-12-31 07:45:20,2020-12-31 08:18:59,2020-12-31 08:50:39,2020-12-31 09:25:20,2020-12-31 09:55:02,2020-12-31 10:22:52,2020-12-31 10:51:38,2020-12-31 11:58:02,2020-12-31 12:48:42,2020-12-31 13:39:15,2020-12-31 14:32:52,2020-12-31 15:33:29,2020-12-31 16:11:16,2020-12-31 17:10:49,2020-12-31 18:01:29,2020-12-31 18:47:13,2020-12-31 19:31:58,2020-12-31 20:12:46,2020-12-31 21:00:25,2020-12-31 21:37:12,2020-12-31 22:17:56,2020-12-31 23:03:39,
2020-12-31 07:18:34,2020-12-31 07:46:19,2020-12-31 08:19:58,2020-12-31 08:52:37,2020-12-31 09:26:19,2020-12-31 09:56:01,2020-12-31 10:23:52,2020-12-31 10:53:37,2020-12-31 11:59:02,,2020-12-31 13:41:15,2020-12-31 14:33:52,2020-12-31 15:34:27,2020-12-31 16:14:14,2020-12-31 17:13:47,2020-12-31 18:04:27,2020-12-31 18:50:12,2020-12-31 19:32:57,2020-12-31 20:14:44,2020-12-31 21:02:25,2020-12-31 21:38:12,2020-12-31 22:19:55,2020-12-31 23:05:38,2021-01-01 00:00:17
2020-12-31 07:19:33,2020-12-31 07:48:18,2020-12-31 08:22:55,2020-12-31 08:54:36,2020-12-31 09:27:18,2020-12-31 09:57:00,2020-12-31 10:24:51,2020-12-31 10:56:36,2020-12-31 12:00:02,2020-12-31 12:51:40,2020-12-31 13:44:14,2020-12-31 14:36:50,2020-12-31 15:36:27,2020-12-31 16:15:14,2020-12-31 17:14:47,2020-12-31 18:05:26,2020-12-31 18:52:12,2020-12-31 19:34:57,2020-12-31 20:17:43,2020-12-31 21:03:24,,2020-12-31 22:21:54,2020-12-31 23:06:38,2021-01-01 00:01:17
2020-12-31 07:21:32,2020-12-31 07:51:15,,2020-12-31 08:57:34,2020-12-31 09:29:17,2020-12-31 09:58:59,2020-12-31 10:25:50,2020-12-31 10:57:36,2020-12-31 12:02:01,2020-12-31 12:52:39,2020-12-31 13:46:13,2020-12-31 14:38:49,2020-12-31 15:38:26,2020-12-31 16:17:13,2020-12-31 17:16:46,2020-12-31 18:07:26,2020-12-31 18:53:11,2020-12-31 19:35:56,2020-12-31 20:18:42,2020-12-31 21:05:23,2020-12-31 21:40:11,2020-12-31 22:22:54,2020-12-31 23:08:37,2021-01-01 00:03:16
2020-12-31 07:22:31,,2020-12-31 08:23:55,,,2020-12-31 09:59:59,,,,2020-12-31 12:55:39,,2020-12-31 14:39:48,2020-12-31 15:41:26,2020-12-31 16:21:11,,2020-12-31 18:10:25,,,,2020-12-31 21:06:23,,,2020-12-31 23:09:37,2021-01-01 00:04:16
2020-12-31 07:23:31,2020-12-31 07:52:14,2020-12-31 08:24:55,2020-12-31 08:58:33,2020-12-31 09:31:16,2020-12-31 10:00:59,,2020-12-31 11:01:34,2020-12-31 12:03:00,,2020-12-31 13:49:13,,,,2020-12-31 17:20:44,,2020-12-31 18:56:10,2020-12-31 19:38:55,,,2020-12-31 21:41:11,2020-12-31 22:24:53,,
2020-12-31 07:24:30,2020-12-31 07:53:13,2020-12-31 08:25:54,2020-12-31 08:59:33,2020-12-31 09:32:15,2020-12-31 10:02:58,2020-12-31 10:29:47,2020-12-31 11:02:34,2020-12-31 12:03:59,2020-12-31 12:56:39,2020-12-31 13:50:11,2020-12-31 14:40:48,2020-12-31 15:42:26,2020-12-31 16:22:10,2020-12-31 17:21:44,2020-12-31 18:11:25,2020-12-31 18:57:10,2020-12-31 19:41:54,2020-12-31 20:21:42,2020-12-31 21:07:23,2020-12-31 21:43:09,2020-12-31 22:25:53,2020-12-31 23:10:37,2021-01-01 00:05:16
2020-12-31 07:26:29,2020-12-31 07:55:12,2020-12-31 08:27:52,2020-12-31 09:02:31,2020-12-31 09:34:14,2020-12-31 10:06:57,2020-12-31 10:32:48,2020-12-31 11:06:32,2020-12-31 12:05:59,2020-12-31 12:59:38,2020-12-31 13:54:10,2020-12-31 14:43:47,2020-12-31 15:45:25,2020-12-31 16:24:10,2020-12-31 17:24:43,2020-12-31 18:14:23,2020-12-31 19:01:08,2020-12-31 19:45:52,2020-12-31 20:25:41,2020-12-31 21:11:20,2020-12-31 21:44:09,2020-12-31 22:28:52,2020-12-31 23:13:36,2021-01-01 00:06:16
2020-12-31 07:27:28,,,2020-12-31 09:03:30,2020-12-31 09:35:14,2020-12-31 10:08:57,2020-12-31 10:34:46,2020-12-31 11:07:31,2020-12-31 12:06:58,2020-12-31 13:00:38,2020-12-31 13:55:09,2020-12-31 14:44:47,2020-12-31 15:47:24,2020-12-31 16:27:07,2020-12-31 17:25:42,2020-12-31 18:15:23,2020-12-31 19:02:08,,2020-12-31 20:26:41,,,,,
2020-12-31 07:28:27,2020-12-31 07:57:11,2020-12-31 08:29:51,2020-12-31 09:04:29,2020-12-31 09:36:13,2020-12-31 10:09:56,2020-12-31 10:35:46,2020-12-31 11:08:30,2020-12-31 12:07:57,2020-12-31 13:01:37,2020-12-31 13:56:08,2020-12-31 14:45:45,2020-12-31 15:48:24,2020-12-31 16:28:07,2020-12-31 17:26:42,2020-12-31 18:16:23,2020-12-31 19:03:07,2020-12-31 19:46:53,2020-12-31 20:27:41,2020-12-31 21:12:20,2020-12-31 21:46:07,2020-12-31 22:29:51,2020-12-31 23:14:36,2021-01-01 00:07:15
2020-12-31 07:29:27,2020-12-31 07:59:10,2020-12-31 08:31:50,2020-12-31 09:05:30,2020-12-31 09:38:11,2020-12-31 10:11:56,2020-12-31 10:36:46,2020-12-31 11:09:30,2020-12-31 12:08:57,2020-12-31 13:02:38,2020-12-31 13:57:08,2020-12-31 14:46:45,2020-12-31 15:49:24,2020-12-31 16:29:06,2020-12-31 17:27:42,2020-12-31 18:18:22,2020-12-31 19:04:07,2020-12-31 19:48:53,2020-12-31 20:28:40,2020-12-31 21:14:19,2020-12-31 21:48:07,2020-12-31 22:30:51,2020-12-31 23:16:35,2021-01-01 00:08:15
2020-12-31 07:32:25,2020-12-31 08:02:07,2020-12-31 08:35:48,2020-12-31 09:08:29,2020-12-31 09:41:11,2020-12-31 10:13:56,,2020-12-31 11:11:28,2020-12-31 12:11:56,2020-12-31 13:04:36,2020-12-31 13:59:08,2020-12-31 14:48:45,2020-12-31 15:51:23,2020-12-31 16:32:06,2020-12-31 17:32:40,2020-12-31 18:21:22,2020-12-31 19:08:04,2020-12-31 19:50:51,2020-12-31 20:31:39,2020-12-31 21:16:19,,2020-12-31 22:32:50,2020-12-31 23:18:34,
2020-12-31 07:34:24,2020-12-31 08:04:07,2020-12-31 08:36:47,2020-12-31 09:09:28,2020-12-31 09:43:09,2020-12-31 10:14:55,2020-12-31 10:39:44,2020-12-31 11:12:28,2020-12-31 12:12:56,2020-12-31 13:05:37,2020-12-31 14:00:07,2020-12-31 14:50:44,2020-12-31 15:53:21,2020-12-31 16:34:04,2020-12-31 17:33:40,2020-12-31 18:24:20,2020-12-31 19:09:04,2020-12-31 19:51:51,2020-12-31 20:32:39,2020-12-31 21:17:19,2020-12-31 21:51:05,2020-12-31 22:33:49,2020-12-31 23:19:34,2021-01-01 00:09:14
,2020-12-31 08:05:06,2020-12-31 08:37:47,2020-12-31 09:11:26,2020-12-31 09:44:09,2020-12-31 10:16:54,2020-12-31 10:41:42,,2020-12-31 12:13:55,2020-12-31 13:07:35,,2020-12-31 14:52:43,2020-12-31 15:55:20,2020-12-31 16:35:04,2020-12-31 17:34:40,,2020-12-31 19:11:04,2020-12-31 19:52:51,2020-12-31 20:34:38,2020-12-31 21:19:18,,2020-12-31 22:35:48,2020-12-31 23:22:34,
2020-12-31 07:35:24,2020-12-31 08:08:05,2020-12-31 08:38:46,2020-12-31 09:12:25,2020-12-31 09:45:08,2020-12-31 10:17:53,2020-12-31 10:44:42,2020-12-31 11:14:26,2020-12-31 12:14:54,2020-12-31 13:08:34,2020-12-31 14:02:06,,2020-12-31 15:56:20,2020-12-31 16:36:04,2020-12-31 17:35:40,2020-12-31 18:26:20,2020-12-31 19:12:04,2020-12-31 19:53:51,2020-12-31 20:35:38,2020-12-31 21:20:18,2020-12-31 21:53:05,2020-12-31 22:37:47,,2021-01-01 00:11:13
2020-12-31 07:38:23,2020-12-31 08:11:03,2020-12-31 08:41:43,,2020-12-31 09:47:07,,,2020-12-31 11:17:23,,2020-12-31 13:11:33,2020-12-31 14:05:04,2020-12-31 14:53:43,,,2020-12-31 17:38:38,2020-12-31 18:29:19,2020-12-31 19:14:04,,,2020-12-31 21:21:18,2020-12-31 21:54:04,2020-12-31 22:38:47,2020-12-31 23:23:33,
2020-12-31 07:39:22,2020-12-31 08:12:03,2020-12-31 08:42:44,2020-12-31 09:15:23,2020-12-31 09:48:06,2020-12-31 10:20:53,2020-12-31 10:45:41,,2020-12-31 12:15:54,2020-12-31 13:12:32,2020-12-31 14:06:04,2020-12-31 14:54:43,2020-12-31 15:57:20,2020-12-31 16:39:04,2020-12-31 17:39:38,2020-12-31 18:30:18,,2020-12-31 19:56:50,2020-12-31 20:36:37,2020-12-31 21:22:17,2020-12-31 21:55:04,2020-12-31 22:39:46,,2021-01-01 00:12:13
2020-12-31 07:41:22,2020-12-31 08:13:02,2020-12-31 08:44:42,2020-12-31 09:17:23,2020-12-31 09:51:05,2020-12-31 10:21:52,2020-12-31 10:47:40,2020-12-31 11:18:22,2020-12-31 12:17:54,2020-12-31 13:14:30,2020-12-31 14:07:03,2020-12-31 14:56:42,2020-12-31 16:00:20,2020-12-31 16:41:04,2020-12-31 17:41:37,2020-12-31 18:32:18,2020-12-31 19:15:03,2020-12-31 19:57:50,2020-12-31 20:38:37,2020-12-31 21:23:17,2020-12-31 21:57:03,2020-12-31 22:41:46,2020-12-31 23:24:33,2021-01-01 00:14:12
2020-12-31 07:44:21,2020-12-31 08:16:59,2020-12-31 08:46:40,2020-12-31 09:20:22,2020-12-31 09:53:03,2020-12-31 10:25:50,2020-12-31 10:52:37,2020-12-31 11:22:19,2020-12-31 12:19:53,2020-12-31 13:16:29,2020-12-31 14:11:03,2020-12-31 14:58:42,2020-12-31 16:02:18,2020-12-31 16:44:02,2020-12-31 17:46:35,2020-12-31 18:35:16,2020-12-31 19:20:01,2020-12-31 20:01:49,2020-12-31 20:40:36,2020-12-31 21:25:17,,2020-12-31 22:43:44,2020-12-31 23:28:32,2021-01-01 00:16:11
2020-12-31 07:45:20,2020-12-31 08:17:59,2020-12-31 08:48:38,2020-12-31 09:21:22,2020-12-31 09:54:03,2020-12-31 10:26:50,2020-12-31 10:53:37,2020-12-31 11:23:18,2020-12-31 12:20:53,2020-12-31 13:17:29,2020-12-31 14:12:02,2020-12-31 14:59:41,2020-12-31 16:03:18,2020-12-31 16:45:01,2020-12-31 17:47:35,2020-12-31 18:36:16,2020-12-31 19:21:01,2020-12-31 20:02:48,2020-12-31 20:41:35,2020-12-31 21:26:16,2020-12-31 21:59:02,2020-12-31 22:44:44,2020-12-31 23:29:31,2021-01-01 00:17:11
2020-12-31 07:51:15,2020-12-31 08:23:55,2020-12-31 08:53:36,2020-12-31 09:26:19,2020-12-31 09:58:59,2020-12-31 10:33:46,2020-12-31 10:58:36,2020-12-31 11:28:15,2020-12-31 12:25:52,2020-12-31 13:23:25,,2020-12-31 15:05:40,2020-12-31 16:08:17,2020-12-31 16:50:56,2020-12-31 17:53:33,2020-12-31 18:43:14,2020-12-31 19:26:00,2020-12-31 20:08:47,2020-12-31 20:45:33,2020-12-31 21:31:15,2020-12-31 22:04:00,2020-12-31 22:50:42,2020-12-31 23:33:28,2021-01-01 00:23:09
2020-12-31 07:53:13,2020-12-31 08:25:54,2020-12-31 08:56:34,,2020-12-31 09:59:59,2020-12-31 10:34:46,2020-12-31 10:59:34,2020-12-31 11:29:14,2020-12-31 12:28:51,2020-12-31 13:24:24,2020-12-31 14:19:00,2020-12-31 15:07:40,2020-12-31 16:11:16,2020-12-31 16:53:55,2020-12-31 17:56:31,2020-12-31 18:44:13,2020-12-31 19:27:00,2020-12-31 20:09:47,2020-12-31 20:48:31,,2020-12-31 22:06:00,2020-12-31 22:51:42,2020-12-31 23:34:27,2021-01-01 00:24:08
,2020-12-31 08:27:52,2020-12-31 08:57:34,2020-12-31 09:27:18,2020-12-31 10:01:59,2020-12-31 10:35:46,2020-12-31 11:00:34,2020-12-31 11:30:15,2020-12-31 12:29:51,2020-12-31 13:25:23,2020-12-31 14:19:59,2020-12-31 15:09:39,2020-12-31 16:12:15,2020-12-31 16:54:55,2020-12-31 17:57:31,2020-12-31 18:47:13,2020-12-31 19:28:00,2020-12-31 20:10:46,2020-12-31 20:49:30,2020-12-31 21:32:14,2020-12-31 22:06:59,,2020-12-31 23:35:27,
2020-12-31 07:55:12,2020-12-31 08:29:51,2020-12-31 08:59:33,2020-12-31 09:30:17,2020-12-31 10:02:58,2020-12-31 10:37:46,2020-12-31 11:02:34,2020-12-31 11:32:14,2020-12-31 12:30:50,2020-12-31 13:27:22,2020-12-31 14:22:57,2020-12-31 15:10:39,2020-12-31 16:13:15,2020-12-31 16:56:54,2020-12-31 18:00:29,2020-12-31 18:48:13,2020-12-31 19:29:59,,2020-12-31 20:50:30,,,2020-12-31 22:52:42,,2021-01-01 00:25:08
2020-12-31 07:58:11,2020-12-31 08:30:51,2020-12-31 09:00:32,2020-12-31 09:31:16,2020-12-31 10:04:58,2020-12-31 10:38:44,,2020-12-31 11:33:13,2020-12-31 12:32:50,2020-12-31 13:28:22,2020-12-31 14:24:57,2020-12-31 15:13:38,2020-12-31 16:15:14,2020-12-31 16:57:54,2020-12-31 18:02:29,2020-12-31 18:50:12,,2020-12-31 20:12:46,2020-12-31 20:52:29,2020-12-31 21:35:13,2020-12-31 22:07:59,,2020-12-31 23:37:26,
,2020-12-31 08:32:49,2020-12-31 09:03:30,2020-12-31 09:33:15,2020-12-31 10:07:57,2020-12-31 10:40:44,2020-12-31 11:05:33,,,2020-12-31 13:30:20,2020-12-31 14:25:56,,,2020-12-31 16:58:54,2020-12-31 18:03:28,2020-12-31 18:51:12,2020-12-31 19:30:58,,2020-12-31 20:53:29,2020-12-31 21:36:14,,2020-12-31 22:55:41,2020-12-31 23:38:25,
2020-12-31 07:59:10,2020-12-31 08:33:49,2020-12-31 09:04:29,2020-12-31 09:34:14,,2020-12-31 10:41:42,2020-12-31 11:06:32,2020-12-31 11:36:12,2020-12-31 12:33:49,,2020-12-31 14:26:56,2020-12-31 15:16:36,2020-12-31 16:18:12,2020-12-31 16:59:53,,2020-12-31 18:52:12,2020-12-31 19:31:58,2020-12-31 20:13:44,,2020-12-31 21:37:12,2020-12-31 22:10:58,,2020-12-31 23:39:25,2021-01-01 00:28:05
2020-12-31 08:01:09,2020-12-31 08:34:47,2020-12-31 09:06:29,2020-12-31 09:36:13,2020-12-31 10:08:57,2020-12-31 10:43:43,2020-12-31 11:08:30,,2020-12-31 12:35:48,2020-12-31 13:31:19,2020-12-31 14:28:55,2020-12-31 15:18:36,2020-12-31 16:19:12,2020-12-31 17:00:52,2020-12-31 18:04:27,2020-12-31 18:54:11,,2020-12-31 20:15:44,2020-12-31 20:54:27,2020-12-31 21:38:12,,2020-12-31 22:56:41,,
,,2020-12-31 09:07:28,2020-12-31 09:37:12,2020-12-31 10:09:56,,,2020-12-31 11:37:12,,2020-12-31 13:32:19,,2020-12-31 15:19:35,2020-12-31 16:20:11,2020-12-31 17:01:53,2020-12-31 18:05:26,2020-12-31 18:55:10,2020-12-31 19:32:57,2020-12-31 20:16:43,2020-12-31 20:55:27,2020-12-31 21:39:11,2020-12-31 22:11:58,,2020-12-31 23:41:24,2021-01-01 00:29:05
2020-12-31 08:02:07,2020-12-31 08:35:48,2020-12-31 09:08:29,2020-12-31 09:38:11,2020-12-31 10:10:56,2020-12-31 10:44:42,2020-12-31 11:09:30,2020-12-31 11:38:11,2020-12-31 12:36:48,2020-12-31 13:33:17,2020-12-31 14:29:54,2020-12-31 15:20:34,2020-12-31 16:21:11,2020-12-31 17:02:51,2020-12-31 18:08:26,2020-12-31 18:57:10,2020-12-31 19:33:57,2020-12-31 20:17:43,2020-12-31 20:56:27,2020-12-31 21:40:11,2020-12-31 22:12:57,2020-12-31 22:57:41,2020-12-31 23:42:24,2021-01-01 00:30:04
,2020-12-31 08:37:47,2020-12-31 09:10:27,,2020-12-31 10:12:57,2020-12-31 10:46:41,2020-12-31 11:12:28,2020-12-31 11:40:11,2020-12-31 12:39:46,2020-12-31 13:34:17,2020-12-31 14:33:52,2020-12-31 15:22:33,2020-12-31 16:25:08,2020-12-31 17:06:50,2020-12-31 18:12:24,,2020-12-31 19:35:56,2020-12-31 20:18:42,2020-12-31 20:57:27,2020-12-31 21:42:10,2020-12-31 22:14:57,2020-12-31 23:00:40,2020-12-31 23:45:24,2021-01-01 00:32:03
2020-12-31 08:05:06,2020-12-31 08:39:45,2020-12-31 09:11:26,2020-12-31 09:41:11,2020-12-31 10:13:56,2020-12-31 10:49:38,2020-12-31 11:15:25,2020-12-31 11:42:09,2020-12-31 12:41:45,,2020-12-31 14:36:50,2020-12-31 15:24:33,2020-12-31 16:26:08,2020-12-31 17:07:49,2020-12-31 18:13:23,2020-12-31 19:01:08,2020-12-31 19:37:56,2020-12-31 20:19:42,2020-12-31 20:58:26,2020-12-31 21:43:09,2020-12-31 22:16:56,,2020-12-31 23:46:24,2021-01-01 00:33:03
2020-12-31 08:07:05,2020-12-31 08:40:44,2020-12-31 09:12:25,2020-12-31 09:43:09,2020-12-31 10:15:55,2020-12-31 10:50:38,2020-12-31 11:16:24,2020-12-31 11:43:09,2020-12-31 12:42:45,2020-12-31 13:37:17,,2020-12-31 15:25:33,2020-12-31 16:27:07,2020-12-31 17:09:49,2020-12-31 18:14:23,2020-12-31 19:03:07,2020-12-31 19:39:55,2020-12-31 20:21:42,,2020-12-31 21:44:09,2020-12-31 22:17:56,2020-12-31 23:01:40,2020-12-31 23:47:23,
2020-12-31 08:09:04,2020-12-31 08:41:43,2020-12-31 09:14:24,2020-12-31 09:44:09,2020-12-31 10:16:54,2020-12-31 10:51:38,2020-12-31 11:17:23,2020-12-31 11:45:09,2020-12-31 12:44:44,2020-12-31 13:39:15,2020-12-31 14:37:50,2020-12-31 15:26:32,2020-12-31 16:30:06,2020-12-31 17:10:49,2020-12-31 18:15:23,2020-12-31 19:05:07,2020-12-31 19:41:54,2020-12-31 20:22:42,2020-12-31 20:59:26,2020-12-31 21:45:08,2020-12-31 22:18:56,2020-12-31 23:02:39,,2021-01-01 00:34:03
2020-12-31 08:10:04,2020-12-31 08:42:44,2020-12-31 09:15:23,2020-12-31 09:46:08,2020-12-31 10:18:53,2020-12-31 10:53:37,2020-12-31 11:18:22,2020-12-31 11:46:08,2020-12-31 12:45:44,2020-12-31 13:40:16,2020-12-31 14:39:48,2020-12-31 15:27:31,2020-12-31 16:31:06,2020-12-31 17:13:47,2020-12-31 18:18:22,2020-12-31 19:07:06,2020-12-31 19:42:54,,2020-12-31 21:04:24,2020-12-31 21:46:07,2020-12-31 22:20:55,2020-12-31 23:03:39,2020-12-31 23:48:22,2021-01-01 00:36:01
2020-12-31 08:11:03,2020-12-31 08:43:43,2020-12-31 09:16:23,2020-12-31 09:47:07,2020-12-31 10:19:52,,,2020-12-31 11:47:07,2020-12-31 12:48:42,2020-12-31 13:42:15,2020-12-31 14:41:47,2020-12-31 15:30:29,2020-12-31 16:32:06,2020-12-31 17:15:46,2020-12-31 18:19:22,2020-12-31 19:08:04,2020-12-31 19:43:54,2020-12-31 20:24:41,2020-12-31 21:06:23,,2020-12-31 22:21:54,2020-12-31 23:04:39,,2021-01-01 00:38:00
,2020-12-31 08:45:41,2020-12-31 09:18:23,2020-12-31 09:48:06,2020-12-31 10:20:53,2020-12-31 10:55:36,2020-12-31 11:21:20,,,,2020-12-31 14:42:47,2020-12-31 15:32:29,2020-12-31 16:33:06,2020-12-31 17:16:46,2020-12-31 18:21:22,,,,,2020-12-31 21:49:07,,,2020-12-31 23:49:22,
2020-12-31 08:13:02,2020-12-31 08:46:40,2020-12-31 09:19:22,2020-12-31 09:49:06,2020-12-31 10:21:52,2020-12-31 10:58:36,2020-12-31 11:23:18,2020-12-31 11:49:06,2020-12-31 12:49:42,2020-12-31 13:43:15,2020-12-31 14:43:47,2020-12-31 15:33:29,2020-12-31 16:34:04,2020-12-31 17:18:45,2020-12-31 18:22:21,2020-12-31 19:10:04,2020-12-31 19:45:52,2020-12-31 20:27:41,2020-12-31 21:07:23,2020-12-31 21:50:06,2020-12-31 22:24:53,2020-12-31 23:06:38,2020-12-31 23:51:21,2021-01-01 00:38:59
2020-12-31 08:14:01,2020-12-31 08:47:39,2020-12-31 09:20:22,2020-12-31 09:50:06,2020-12-31 10:23:52,2020-12-31 11:00:34,2020-12-31 11:25:17,2020-12-31 11:51:06,2020-12-31 12:50:41,2020-12-31 13:45:14,2020-12-31 14:46:45,2020-12-31 15:35:28,2020-12-31 16:36:04,2020-12-31 17:20:44,2020-12-31 18:24:20,,2020-12-31 19:47:53,2020-12-31 20:29:40,2020-12-31 21:08:23,2020-12-31 21:51:05,,,,2021-01-01 00:39:59
,2020-12-31 08:50:39,2020-12-31 09:21:22,2020-12-31 09:53:03,,2020-12-31 11:02:34,2020-12-31 11:26:16,,2020-12-31 12:52:39,2020-12-31 13:47:13,2020-12-31 14:49:45,2020-12-31 15:37:26,2020-12-31 16:38:04,2020-12-31 17:21:44,2020-12-31 18:26:20,2020-12-31 19:12:04,,2020-12-31 20:30:39,2020-12-31 21:11:20,2020-12-31 21:53:05,2020-12-31 22:26:53,2020-12-31 23:08:37,2020-12-31 23:53:20,2021-01-01 00:41:58
2020-12-31 08:17:59,2020-12-31 08:51:38,2020-12-31 09:23:20,,2020-12-31 10:25:50,2020-12-31 11:03:34,,2020-12-31 11:54:04,,2020-12-31 13:48:13,2020-12-31 14:50:44,2020-12-31 15:38:26,,2020-12-31 17:23:43,,2020-12-31 19:14:04,2020-12-31 19:50:51,,,2020-12-31 21:54:04,2020-12-31 22:27:52,2020-12-31 23:10:37,,
2020-12-31 08:20:57,2020-12-31 08:53:36,2020-12-31 09:24:20,2020-12-31 09:54:03,2020-12-31 10:26:50,2020-12-31 11:05:33,2020-12-31 11:28:15,,2020-12-31 12:53:39,2020-12-31 13:50:11,2020-12-31 14:52:43,2020-12-31 15:40:26,2020-12-31 16:39:04,2020-12-31 17:24:43,2020-12-31 18:27:19,2020-12-31 19:15:03,2020-12-31 19:51:51,2020-12-31 20:32:39,2020-12-31 21:12:20,2020-12-31 21:57:03,2020-12-31 22:29:51,2020-12-31 23:11:36,2020-12-31 23:54:20,2021-01-01 00:42:57
2020-12-31 08:21:57,2020-12-31 08:54:36,2020-12-31 09:25:20,2020-12-31 09:55:02,2020-12-31 10:27:49,2020-12-31 11:06:32,2020-12-31 11:29:14,2020-12-31 11:55:04,2020-12-31 12:54:39,2020-12-31 13:51:11,2020-12-31 14:53:43,2020-12-31 15:41:26,2020-12-31 16:41:04,2020-12-31 17:27:42,2020-12-31 18:30:18,2020-12-31 19:16:02,2020-12-31 19:52:51,2020-12-31 20:33:38,2020-12-31 21:13:20,2020-12-31 21:58:04,2020-12-31 22:30:51,2020-12-31 23:12:36,2020-12-31 23:55:20,2021-01-01 00:43:57
,,2020-12-31 09:28:18,,,,,2020-12-31 12:01:01,2020-12-31 13:00:38,2020-12-31 13:57:08,,,,2020-12-31 17:31:40,2020-12-31 18:37:15,2020-12-31 19:22:02,,,2020-12-31 21:16:19,,,2020-12-31 23:13:36,,
,2020-12-31 08:58:33,,,2020-12-31 10:33:46,,,,,,2020-12-31 14:59:41,2020-12-31 15:48:24,2020-12-31 16:46:59,,2020-12-31 18:40:14,,2020-12-31 19:58:50,2020-12-31 20:37:38,,2020-12-31 22:02:01,2020-12-31 22:31:50,,2020-12-31 23:59:18,2021-01-01 00:46:55
2020-12-31 08:28:51,,2020-12-31 09:29:17,,,,2020-12-31 11:36:12,,2020-12-31 13:01:37,2020-12-31 13:58:07,,,2020-12-31 16:49:57,2020-12-31 17:32:40,2020-12-31 18:41:14,,,,,,,,,
2020-12-31 08:29:51,2020-12-31 08:59:33,2020-12-31 09:30:17,2020-12-31 09:58:59,2020-12-31 10:34:46,2020-12-31 11:13:27,2020-12-31 11:37:12,2020-12-31 12:02:01,2020-12-31 13:02:38,2020-12-31 14:00:07,2020-12-31 15:00:41,2020-12-31 15:49:24,2020-12-31 16:50:56,2020-12-31 17:33:40,2020-12-31 18:44:13,2020-12-31 19:23:00,2020-12-31 19:59:50,2020-12-31 20:38:37,2020-12-31 21:17:19,2020-12-31 22:03:01,2020-12-31 22:32:50,2020-12-31 23:14:36,2021-01-01 00:00:17,2021-01-01 00:47:54
2020-12-31 08:31:50,2020-12-31 09:01:32,,,2020-12-31 10:36:46,,,,2020-12-31 13:03:37,2020-12-31 14:01:06,2020-12-31 15:03:41,,2020-12-31 16:55:54,2020-12-31 17:35:40,2020-12-31 18:47:13,2020-12-31 19:26:00,2020-12-31 20:01:49,,,2020-12-31 22:05:00,2020-12-31 22:34:49,2020-12-31 23:16:35,,
2020-12-31 08:32:49,2020-12-31 09:02:31,2020-12-31 09:32:15,2020-12-31 10:01:59,2020-12-31 10:38:44,2020-12-31 11:16:24,2020-12-31 11:39:12,2020-12-31 12:04:59,2020-12-31 13:04:36,,2020-12-31 15:04:40,2020-12-31 15:51:23,2020-12-31 16:56:54,2020-12-31 17:37:39,2020-12-31 18:48:13,2020-12-31 19:27:00,2020-12-31 20:02:48,2020-12-31 20:41:35,2020-12-31 21:20:18,2020-12-31 22:06:00,2020-12-31 22:35:48,2020-12-31 23:17:34,2021-01-01 00:02:17,2021-01-01 00:49:53
2020-12-31 08:34:47,2020-12-31 09:04:29,2020-12-31 09:35:14,2020-12-31 10:04:58,,2020-12-31 11:18:22,2020-12-31 11:41:10,2020-12-31 12:06:58,2020-12-31 13:06:35,2020-12-31 14:03:06,2020-12-31 15:05:40,2020-12-31 15:53:21,2020-12-31 16:58:54,2020-12-31 17:38:38,2020-12-31 18:50:12,2020-12-31 19:28:59,2020-12-31 20:04:48,2020-12-31 20:43:34,,2020-12-31 22:07:59,2020-12-31 22:37:47,,,
2020-12-31 08:35:48,2020-12-31 09:05:30,2020-12-31 09:36:13,,2020-12-31 10:39:44,2020-12-31 11:19:22,2020-12-31 11:42:09,2020-12-31 12:07:57,2020-12-31 13:07:35,2020-12-31 14:04:05,,2020-12-31 15:54:21,2020-12-31 16:59:53,2020-12-31 17:39:38,2020-12-31 18:51:12,,2020-12-31 20:05:48,2020-12-31 20:44:35,2020-12-31 21:23:17,,2020-12-31 22:38:47,2020-12-31 23:19:34,2021-01-01 00:05:16,2021-01-01 00:50:53
2020-12-31 08:37:47,2020-12-31 09:07:28,,2020-12-31 10:05:58,2020-12-31 10:40:44,2020-12-31 11:20:21,,,2020-12-31 13:10:33,2020-12-31 14:06:04,2020-12-31 15:06:40,,2020-12-31 17:00:52,2020-12-31 17:40:38,,2020-12-31 19:29:59,,,2020-12-31 21:25:17,2020-12-31 22:08:59,,,2021-01-01 00:06:16,
,,2020-12-31 09:38:11,,,,2020-12-31 11:44:09,2020-12-31 12:09:57,,,,,2020-12-31 17:01:53,,2020-12-31 18:53:11,2020-12-31 19:30:58,2020-12-31 20:07:47,2020-12-31 20:45:33,,,,2020-12-31 23:21:34,,2021-01-01 00:52:53
2020-12-31 08:38:46,2020-12-31 09:08:29,2020-12-31 09:39:12,2020-12-31 10:06:57,2020-12-31 10:41:42,2020-12-31 11:21:20,2020-12-31 11:45:09,2020-12-31 12:10:56,2020-12-31 13:11:33,2020-12-31 14:07:03,2020-12-31 15:08:39,2020-12-31 15:56:20,2020-12-31 17:02:51,2020-12-31 17:41:37,2020-12-31 18:54:11,,2020-12-31 20:08:47,2020-12-31 20:46:33,2020-12-31 21:26:16,2020-12-31 22:09:59,2020-12-31 22:39:46,2020-12-31 23:22:34,2021-01-01 00:07:15,2021-01-01 00:53:52
2020-12-31 08:39:45,2020-12-31 09:09:28,2020-12-31 09:40:11,2020-12-31 10:07:57,2020-12-31 10:42:42,2020-12-31 11:22:19,2020-12-31 11:46:08,2020-12-31 12:12:56,2020-12-31 13:12:32,2020-12-31 14:08:04,2020-12-31 15:10:39,2020-12-31 15:58:20,2020-12-31 17:03:51,2020-12-31 17:42:36,2020-12-31 18:56:10,2020-12-31 19:31:58,2020-12-31 20:09:47,2020-12-31 20:48:31,2020-12-31 21:27:16,2020-12-31 22:10:58,2020-12-31 22:40:46,2020-12-31 23:23:33,2021-01-01 00:08:15,2021-01-01 00:54:52
2020-12-31 05:17:22,2020-12-31 09:15:23,2020-12-31 09:45:08,2020-12-31 10:12:57,2020-12-31 10:48:39,2020-12-31 11:27:16,2020-12-31 11:52:05,2020-12-31 12:18:53,2020-12-31 13:18:29,2020-12-31 14:13:02,2020-12-31 15:15:37,2020-12-31 16:03:18,2020-12-31 17:08:49,2020-12-31 17:49:34,2020-12-31 19:02:08,2020-12-31 19:36:56,2020-12-31 20:15:44,2020-12-31 20:54:27,2020-12-31 21:32:14,2020-12-31 22:16:56,2020-12-31 22:46:44,2020-12-31 23:28:32,2021-01-01 00:13:12,2021-01-01 00:59:50
2020-12-31 08:52:37,2020-12-31 09:22:21,2020-12-31 09:52:04,2020-12-31 10:19:52,2020-12-31 10:55:36,2020-12-31 11:34:13,2020-12-31 12:00:02,2020-12-31 12:26:51,2020-12-31 13:26:23,2020-12-31 14:21:57,2020-12-31 15:21:34,2020-12-31 16:11:16,2020-12-31 17:17:45,2020-12-31 17:55:32,2020-12-31 19:10:04,2020-12-31 19:43:54,2020-12-31 20:22:42,2020-12-31 21:01:25,2020-12-31 21:39:11,2020-12-31 22:22:54,2020-12-31 22:51:42,2020-12-31 23:34:27,2021-01-01 00:20:10,2021-01-01 01:05:46
2020-12-31 08:54:36,2020-12-31 09:23:20,2020-12-31 09:53:03,2020-12-31 10:21:52,2020-12-31 10:56:36,2020-12-31 11:36:12,2020-12-31 12:01:01,,,2020-12-31 14:24:57,,2020-12-31 16:14:14,,,,2020-12-31 19:44:54,2020-12-31 20:24:41,2020-12-31 21:02:25,,,,2020-12-31 23:35:27,,
2020-12-31 08:55:35,2020-12-31 09:24:20,2020-12-31 09:54:03,2020-12-31 10:22:52,2020-12-31 10:57:36,2020-12-31 11:37:12,2020-12-31 12:02:01,2020-12-31 12:27:51,2020-12-31 13:29:21,2020-12-31 14:25:56,2020-12-31 15:23:33,2020-12-31 16:15:14,2020-12-31 17:18:45,2020-12-31 17:58:31,2020-12-31 19:11:04,2020-12-31 19:45:52,2020-12-31 20:25:41,2020-12-31 21:03:24,2020-12-31 21:41:11,2020-12-31 22:23:53,2020-12-31 22:53:42,2020-12-31 23:36:26,2021-01-01 00:21:10,2021-01-01 01:06:45
2020-12-31 08:56:34,2020-12-31 09:25:20,2020-12-31 09:55:02,2020-12-31 10:23:52,2020-12-31 10:58:36,2020-12-31 11:38:11,2020-12-31 12:03:00,2020-12-31 12:28:51,2020-12-31 13:31:19,2020-12-31 14:26:56,2020-12-31 15:24:33,2020-12-31 16:16:13,2020-12-31 17:19:44,2020-12-31 18:00:29,2020-12-31 19:13:04,2020-12-31 19:46:53,2020-12-31 20:26:41,2020-12-31 21:04:24,2020-12-31 21:42:10,2020-12-31 22:25:53,2020-12-31 22:54:41,2020-12-31 23:37:26,2021-01-01 00:22:09,2021-01-01 01:07:45
2020-12-31 08:57:34,2020-12-31 09:27:18,2020-12-31 09:56:01,2020-12-31 10:24:51,2020-12-31 11:00:34,2020-12-31 11:39:12,2020-12-31 12:03:59,2020-12-31 12:30:50,2020-12-31 13:32:19,2020-12-31 14:28:55,2020-12-31 15:26:32,2020-12-31 16:17:13,2020-12-31 17:21:44,2020-12-31 18:01:29,2020-12-31 19:14:04,2020-12-31 19:47:53,2020-12-31 20:28:40,2020-12-31 21:05:23,2020-12-31 21:43:09,2020-12-31 22:26:53,2020-12-31 22:55:41,2020-12-31 23:38:25,2021-01-01 00:23:09,
2020-12-31 09:01:32,2020-12-31 09:29:17,2020-12-31 09:57:00,,2020-12-31 11:01:34,2020-12-31 11:41:10,,2020-12-31 12:33:49,2020-12-31 13:34:17,2020-12-31 14:30:54,2020-12-31 15:29:30,2020-12-31 16:19:12,2020-12-31 17:22:43,2020-12-31 18:04:27,2020-12-31 19:16:02,2020-12-31 19:48:53,2020-12-31 20:31:39,2020-12-31 21:08:23,2020-12-31 21:46:07,2020-12-31 22:28:52,,,2021-01-01 00:24:08,2021-01-01 01:08:44
2020-12-31 09:02:31,2020-12-31 09:30:17,2020-12-31 09:58:00,2020-12-31 10:26:50,2020-12-31 11:02:34,2020-12-31 11:42:09,2020-12-31 12:16:54,2020-12-31 12:34:48,2020-12-31 13:35:17,2020-12-31 14:32:52,2020-12-31 15:30:29,2020-12-31 16:20:11,2020-12-31 17:23:43,2020-12-31 18:05:26,2020-12-31 19:17:03,2020-12-31 19:49:53,2020-12-31 20:32:39,2020-12-31 21:10:21,2020-12-31 21:47:07,2020-12-31 22:29:51,2020-12-31 22:56:41,2020-12-31 23:39:25,2021-01-01 00:25:08,2021-01-01 01:09:44
2020-12-31 09:03:30,2020-12-31 09:32:15,2020-12-31 09:58:59,2020-12-31 10:27:49,2020-12-31 11:03:34,2020-12-31 11:43:09,2020-12-31 12:17:54,2020-12-31 12:35:48,2020-12-31 13:37:17,2020-12-31 14:33:52,2020-12-31 15:32:29,2020-12-31 16:21:11,2020-12-31 17:24:43,2020-12-31 18:07:26,2020-12-31 19:19:02,2020-12-31 19:51:51,2020-12-31 20:33:38,2020-12-31 21:11:20,2020-12-31 21:48:07,2020-12-31 22:32:50,2020-12-31 22:58:40,,2021-01-01 00:26:07,
2020-12-31 09:04:29,,2020-12-31 09:59:59,2020-12-31 10:28:48,2020-12-31 11:04:32,,,,2020-12-31 13:39:15,,2020-12-31 15:33:29,2020-12-31 16:22:10,,,2020-12-31 19:20:01,2020-12-31 19:52:51,,,,2020-12-31 22:34:49,,2020-12-31 23:41:24,,2021-01-01 01:10:43
2020-12-31 05:18:21,,,,,,,,,,,,,,,,,,,,,,,
,,,,,,,,,,,,,,,,,,,,,,,
